country,cases,deaths,date
Albania,2,0,2020-03-09
Albania,40,1,2020-03-16
Albania,47,1,2020-03-23
Albania,123,8,2020-03-30
Albania,149,11,2020-04-06
Albania,85,2,2020-04-13
Albania,116,3,2020-04-20
Albania,164,2,2020-04-27
Albania,69,3,2020-05-04
Albania,73,0,2020-05-11
Albania,78,0,2020-05-18
Albania,52,1,2020-05-25
Albania,139,1,2020-06-01
Albania,109,1,2020-06-08
Albania,275,2,2020-06-15
Albania,406,8,2020-06-22
Albania,475,11,2020-06-29
Albania,491,21,2020-07-06
Albania,561,17,2020-07-13
Albania,636,19,2020-07-20
Albania,673,26,2020-07-27
Albania,756,28,2020-08-03
Albania,892,33,2020-08-10
Albania,969,29,2020-08-17
Albania,1047,22,2020-08-24
Albania,953,30,2020-08-31
Albania,875,36,2020-09-07
Albania,1098,18,2020-09-14
Albania,1032,28,2020-09-21
Albania,874,15,2020-09-28
Albania,1007,19,2020-10-05
Albania,1133,24,2020-10-12
Albania,1656,31,2020-10-19
Albania,2102,26,2020-10-26
Albania,2045,41,2020-11-02
Albania,3004,41,2020-11-09
Albania,3624,64,2020-11-16
Albania,4931,76,2020-11-23
Albania,4864,99,2020-11-30
Albania,5363,107,2020-12-07
Albania,5542,98,2020-12-14
Albania,4473,85,2020-12-21
Albania,3569,76,2020-12-28
Albania,4157,48,2021-01-04
Albania,4095,36,2021-01-11
Albania,4584,38,2021-01-18
Albania,5853,65,2021-01-25
Albania,7209,80,2021-02-01
Albania,7739,95,2021-02-08
Albania,7171,111,2021-02-15
Andorra,5,0,2020-03-16
Andorra,108,0,2020-03-23
Andorra,221,6,2020-03-30
Andorra,167,12,2020-04-06
Andorra,137,11,2020-04-13
Andorra,75,7,2020-04-20
Andorra,27,4,2020-04-27
Andorra,8,5,2020-05-04
Andorra,7,3,2020-05-11
Andorra,6,3,2020-05-18
Andorra,2,0,2020-05-25
Andorra,1,0,2020-06-01
Andorra,88,0,2020-06-08
Andorra,1,0,2020-06-15
Andorra,2,1,2020-06-22
Andorra,0,0,2020-06-29
Andorra,0,0,2020-07-06
Andorra,0,0,2020-07-13
Andorra,25,0,2020-07-20
Andorra,17,0,2020-07-27
Andorra,28,0,2020-08-03
Andorra,31,0,2020-08-10
Andorra,33,1,2020-08-17
Andorra,56,0,2020-08-24
Andorra,79,0,2020-08-31
Andorra,91,0,2020-09-07
Andorra,129,0,2020-09-14
Andorra,220,0,2020-09-21
Andorra,272,0,2020-09-28
Andorra,274,0,2020-10-05
Andorra,586,2,2020-10-12
Andorra,681,4,2020-10-19
Andorra,661,10,2020-10-26
Andorra,787,6,2020-11-02
Andorra,558,0,2020-11-09
Andorra,489,1,2020-11-16
Andorra,384,0,2020-11-23
Andorra,456,0,2020-11-30
Andorra,338,2,2020-12-07
Andorra,288,1,2020-12-14
Andorra,239,2,2020-12-21
Andorra,10,1,2020-12-28
Andorra,490,2,2021-01-04
Andorra,401,5,2021-01-11
Andorra,466,5,2021-01-18
Andorra,388,5,2021-01-25
Andorra,314,5,2021-02-01
Andorra,287,1,2021-02-08
Andorra,161,0,2021-02-15
Armenia,0,0,2020-01-06
Armenia,0,0,2020-01-13
Armenia,0,0,2020-01-20
Armenia,0,0,2020-01-27
Armenia,0,0,2020-02-03
Armenia,0,0,2020-02-10
Armenia,0,0,2020-02-17
Armenia,0,0,2020-02-24
Armenia,1,0,2020-03-02
Armenia,0,0,2020-03-09
Armenia,27,0,2020-03-16
Armenia,166,0,2020-03-23
Armenia,288,3,2020-03-30
Armenia,351,5,2020-04-06
Armenia,206,6,2020-04-13
Armenia,300,8,2020-04-20
Armenia,469,7,2020-04-27
Armenia,699,10,2020-05-04
Armenia,885,7,2020-05-11
Armenia,1431,15,2020-05-18
Armenia,2290,26,2020-05-25
Armenia,2379,52,2020-06-01
Armenia,3833,72,2020-06-08
Armenia,3739,74,2020-06-15
Armenia,3524,75,2020-06-22
Armenia,4539,73,2020-06-29
Armenia,3809,58,2020-07-06
Armenia,3215,82,2020-07-13
Armenia,2830,77,2020-07-20
Armenia,2409,61,2020-07-27
Armenia,1712,51,2020-08-03
Armenia,1308,29,2020-08-10
Armenia,1253,27,2020-08-17
Armenia,1129,34,2020-08-24
Armenia,958,25,2020-08-31
Armenia,1033,20,2020-09-07
Armenia,1079,19,2020-09-14
Armenia,1569,14,2020-09-21
Armenia,1969,21,2020-09-28
Armenia,3096,26,2020-10-05
Armenia,3955,43,2020-10-12
Armenia,8243,61,2020-10-19
Armenia,14116,115,2020-10-26
Armenia,14638,195,2020-11-02
Armenia,14018,189,2020-11-09
Armenia,10420,208,2020-11-16
Armenia,8823,188,2020-11-23
Armenia,8415,188,2020-11-30
Armenia,7220,180,2020-12-07
Armenia,6338,159,2020-12-14
Armenia,5383,153,2020-12-21
Armenia,3883,119,2020-12-28
Armenia,2068,67,2021-01-04
Armenia,2388,67,2021-01-11
Armenia,1418,49,2021-01-18
Armenia,994,37,2021-01-25
Armenia,1089,39,2021-02-01
Armenia,1078,24,2021-02-08
Armenia,1147,17,2021-02-15
Austria,0,0,2020-01-06
Austria,0,0,2020-01-13
Austria,0,0,2020-01-20
Austria,0,0,2020-01-27
Austria,0,0,2020-02-03
Austria,0,0,2020-02-10
Austria,0,0,2020-02-17
Austria,0,0,2020-02-24
Austria,14,0,2020-03-02
Austria,88,0,2020-03-09
Austria,758,1,2020-03-16
Austria,2771,15,2020-03-23
Austria,5182,70,2020-03-30
Austria,3170,118,2020-04-06
Austria,1954,146,2020-04-13
Austria,773,102,2020-04-20
Austria,479,90,2020-04-27
Austria,349,56,2020-05-04
Austria,249,20,2020-05-11
Austria,367,11,2020-05-18
Austria,285,11,2020-05-25
Austria,203,28,2020-06-01
Austria,226,4,2020-06-08
Austria,170,5,2020-06-15
Austria,247,13,2020-06-22
Austria,340,12,2020-06-29
Austria,644,4,2020-07-06
Austria,578,2,2020-07-13
Austria,724,2,2020-07-20
Austria,915,2,2020-07-27
Austria,823,6,2020-08-03
Austria,702,3,2020-08-10
Austria,1362,7,2020-08-17
Austria,1866,4,2020-08-24
Austria,1979,1,2020-08-31
Austria,1976,3,2020-09-07
Austria,4141,20,2020-09-14
Austria,5222,10,2020-09-21
Austria,4909,21,2020-09-28
Austria,5152,26,2020-10-05
Austria,7365,51,2020-10-12
Austria,9574,46,2020-10-19
Austria,16979,74,2020-10-26
Austria,28574,130,2020-11-02
Austria,41398,221,2020-11-09
Austria,50986,344,2020-11-16
Austria,42630,520,2020-11-23
Austria,32058,705,2020-11-30
Austria,22794,828,2020-12-07
Austria,19060,668,2020-12-14
Austria,16186,816,2020-12-21
Austria,15164,656,2020-12-28
Austria,15133,378,2021-01-04
Austria,11406,383,2021-01-11
Austria,10421,348,2021-01-18
Austria,9451,291,2021-01-25
Austria,10467,287,2021-02-01
Austria,8442,161,2021-02-08
Austria,11848,157,2021-02-15
Azerbaijan,0,0,2020-01-06
Azerbaijan,0,0,2020-01-13
Azerbaijan,0,0,2020-01-20
Azerbaijan,0,0,2020-01-27
Azerbaijan,0,0,2020-02-03
Azerbaijan,0,0,2020-02-10
Azerbaijan,0,0,2020-02-17
Azerbaijan,0,0,2020-02-24
Azerbaijan,3,0,2020-03-02
Azerbaijan,6,0,2020-03-09
Azerbaijan,10,0,2020-03-16
Azerbaijan,46,1,2020-03-23
Azerbaijan,144,3,2020-03-30
Azerbaijan,375,3,2020-04-06
Azerbaijan,514,4,2020-04-13
Azerbaijan,300,8,2020-04-20
Azerbaijan,247,2,2020-04-27
Azerbaijan,287,4,2020-05-04
Azerbaijan,587,7,2020-05-11
Azerbaijan,755,7,2020-05-18
Azerbaijan,848,10,2020-05-25
Azerbaijan,1372,14,2020-06-01
Azerbaijan,2059,25,2020-06-08
Azerbaijan,2404,31,2020-06-15
Azerbaijan,2772,35,2020-06-22
Azerbaijan,3695,44,2020-06-29
Azerbaijan,3900,52,2020-07-06
Azerbaijan,3717,56,2020-07-13
Azerbaijan,3480,48,2020-07-20
Azerbaijan,2529,63,2020-07-27
Azerbaijan,2393,45,2020-08-03
Azerbaijan,1125,28,2020-08-10
Azerbaijan,651,16,2020-08-17
Azerbaijan,1055,12,2020-08-24
Azerbaijan,1035,13,2020-08-31
Azerbaijan,1020,17,2020-09-07
Azerbaijan,998,14,2020-09-14
Azerbaijan,861,13,2020-09-21
Azerbaijan,835,11,2020-09-28
Azerbaijan,668,10,2020-10-05
Azerbaijan,1291,13,2020-10-12
Azerbaijan,2982,17,2020-10-19
Azerbaijan,4995,45,2020-10-26
Azerbaijan,6485,69,2020-11-02
Azerbaijan,8967,100,2020-11-09
Azerbaijan,10277,127,2020-11-16
Azerbaijan,17406,164,2020-11-23
Azerbaijan,25101,230,2020-11-30
Azerbaijan,28484,271,2020-12-07
Azerbaijan,29195,290,2020-12-14
Azerbaijan,26214,288,2020-12-21
Azerbaijan,13395,328,2020-12-28
Azerbaijan,4562,193,2021-01-04
Azerbaijan,2564,96,2021-01-11
Azerbaijan,1641,71,2021-01-18
Azerbaijan,1187,39,2021-01-25
Azerbaijan,935,26,2021-02-01
Azerbaijan,1043,25,2021-02-08
Azerbaijan,1004,19,2021-02-15
Belarus,0,0,2020-01-06
Belarus,0,0,2020-01-13
Belarus,0,0,2020-01-20
Belarus,0,0,2020-01-27
Belarus,0,0,2020-02-03
Belarus,0,0,2020-02-10
Belarus,0,0,2020-02-17
Belarus,0,0,2020-02-24
Belarus,1,0,2020-03-02
Belarus,5,0,2020-03-09
Belarus,21,0,2020-03-16
Belarus,49,0,2020-03-23
Belarus,18,0,2020-03-30
Belarus,470,8,2020-04-06
Belarus,2014,18,2020-04-13
Belarus,3229,21,2020-04-20
Belarus,4656,25,2020-04-27
Belarus,6242,27,2020-05-04
Belarus,6268,32,2020-05-11
Belarus,6677,34,2020-05-18
Belarus,6548,34,2020-05-25
Belarus,6358,36,2020-06-01
Belarus,6074,34,2020-06-08
Belarus,5343,39,2020-06-15
Belarus,4532,38,2020-06-22
Belarus,2970,37,2020-06-29
Belarus,2079,40,2020-07-06
Belarus,1378,41,2020-07-13
Belarus,1163,35,2020-07-20
Belarus,1037,35,2020-07-27
Belarus,935,33,2020-08-03
Belarus,783,20,2020-08-10
Belarus,666,23,2020-08-17
Belarus,952,32,2020-08-24
Belarus,1219,34,2020-08-31
Belarus,1172,35,2020-09-07
Belarus,1314,39,2020-09-14
Belarus,1501,30,2020-09-21
Belarus,1935,38,2020-09-28
Belarus,2686,39,2020-10-05
Belarus,3239,39,2020-10-12
Belarus,4164,33,2020-10-19
Belarus,5125,28,2020-10-26
Belarus,6636,28,2020-11-02
Belarus,6820,22,2020-11-09
Belarus,7906,39,2020-11-16
Belarus,9814,50,2020-11-23
Belarus,11009,55,2020-11-30
Belarus,12149,56,2020-12-07
Belarus,13138,56,2020-12-14
Belarus,13228,61,2020-12-21
Belarus,15065,70,2020-12-28
Belarus,14031,75,2021-01-04
Belarus,13367,65,2021-01-11
Belarus,10251,58,2021-01-18
Belarus,10725,69,2021-01-25
Belarus,10163,65,2021-02-01
Belarus,10188,66,2021-02-08
Belarus,10769,72,2021-02-15
Belgium,0,0,2020-01-06
Belgium,0,0,2020-01-13
Belgium,0,0,2020-01-20
Belgium,0,0,2020-01-27
Belgium,0,0,2020-02-03
Belgium,0,0,2020-02-10
Belgium,0,0,2020-02-17
Belgium,343,0,2020-02-24
Belgium,-324,0,2020-03-02
Belgium,388,0,2020-03-09
Belgium,1348,18,2020-03-16
Belgium,3673,198,2020-03-23
Belgium,8130,782,2020-03-30
Belgium,9694,1584,2020-04-06
Belgium,11175,1979,2020-04-13
Belgium,7963,1667,2020-04-20
Belgium,5703,1195,2020-04-27
Belgium,3095,698,2020-05-04
Belgium,3051,535,2020-05-11
Belgium,2071,314,2020-05-18
Belgium,1510,230,2020-05-25
Belgium,1144,160,2020-06-01
Belgium,847,113,2020-06-08
Belgium,671,58,2020-06-15
Belgium,668,43,2020-06-22
Belgium,607,39,2020-06-29
Belgium,637,25,2020-07-06
Belgium,704,13,2020-07-13
Belgium,1385,19,2020-07-20
Belgium,2489,15,2020-07-27
Belgium,3759,20,2020-08-03
Belgium,4340,30,2020-08-10
Belgium,3751,75,2020-08-17
Belgium,3453,42,2020-08-24
Belgium,3121,28,2020-08-31
Belgium,3655,17,2020-09-07
Belgium,6158,19,2020-09-14
Belgium,10108,27,2020-09-21
Belgium,11274,39,2020-09-28
Belgium,18884,84,2020-10-05
Belgium,38831,139,2020-10-12
Belgium,72200,236,2020-10-19
Belgium,105333,502,2020-10-26
Belgium,99548,1056,2020-11-02
Belgium,53994,1411,2020-11-09
Belgium,33962,1328,2020-11-16
Belgium,22306,1123,2020-11-23
Belgium,16255,874,2020-11-30
Belgium,15276,699,2020-12-07
Belgium,16794,666,2020-12-14
Belgium,17684,654,2020-12-21
Belgium,12585,534,2020-12-28
Belgium,14748,384,2021-01-04
Belgium,14074,345,2021-01-11
Belgium,15317,372,2021-01-18
Belgium,16876,297,2021-01-25
Belgium,15252,303,2021-02-01
Belgium,12813,280,2021-02-08
Belgium,15392,211,2021-02-15
Bosnia and Herzegovina,18,0,2020-03-16
Bosnia and Herzegovina,107,1,2020-03-23
Bosnia and Herzegovina,198,5,2020-03-30
Bosnia and Herzegovina,340,18,2020-04-06
Bosnia and Herzegovina,344,14,2020-04-13
Bosnia and Herzegovina,262,8,2020-04-20
Bosnia and Herzegovina,247,12,2020-04-27
Bosnia and Herzegovina,341,18,2020-05-04
Bosnia and Herzegovina,260,31,2020-05-11
Bosnia and Herzegovina,172,25,2020-05-18
Bosnia and Herzegovina,111,11,2020-05-25
Bosnia and Herzegovina,109,9,2020-06-01
Bosnia and Herzegovina,164,7,2020-06-08
Bosnia and Herzegovina,328,4,2020-06-15
Bosnia and Herzegovina,430,6,2020-06-22
Bosnia and Herzegovina,784,13,2020-06-29
Bosnia and Herzegovina,1178,11,2020-07-06
Bosnia and Herzegovina,1491,27,2020-07-13
Bosnia and Herzegovina,1568,30,2020-07-20
Bosnia and Herzegovina,1617,33,2020-07-27
Bosnia and Herzegovina,2039,60,2020-08-03
Bosnia and Herzegovina,2217,59,2020-08-10
Bosnia and Herzegovina,1210,67,2020-08-17
Bosnia and Herzegovina,2365,60,2020-08-24
Bosnia and Herzegovina,1889,63,2020-08-31
Bosnia and Herzegovina,1353,47,2020-09-07
Bosnia and Herzegovina,2320,50,2020-09-14
Bosnia and Herzegovina,1962,68,2020-09-21
Bosnia and Herzegovina,1493,53,2020-09-28
Bosnia and Herzegovina,1058,61,2020-10-05
Bosnia and Herzegovina,2670,50,2020-10-12
Bosnia and Herzegovina,3475,63,2020-10-19
Bosnia and Herzegovina,6774,102,2020-10-26
Bosnia and Herzegovina,10611,162,2020-11-02
Bosnia and Herzegovina,10918,262,2020-11-09
Bosnia and Herzegovina,8477,347,2020-11-16
Bosnia and Herzegovina,9107,419,2020-11-23
Bosnia and Herzegovina,7367,344,2020-11-30
Bosnia and Herzegovina,7133,332,2020-12-07
Bosnia and Herzegovina,6610,384,2020-12-14
Bosnia and Herzegovina,4407,289,2020-12-21
Bosnia and Herzegovina,4167,328,2020-12-28
Bosnia and Herzegovina,3113,227,2021-01-04
Bosnia and Herzegovina,2325,128,2021-01-11
Bosnia and Herzegovina,2060,107,2021-01-18
Bosnia and Herzegovina,2056,131,2021-01-25
Bosnia and Herzegovina,1745,76,2021-02-01
Bosnia and Herzegovina,2195,116,2021-02-08
Bosnia and Herzegovina,1398,63,2021-02-15
Bulgaria,4,0,2020-03-09
Bulgaria,47,2,2020-03-16
Bulgaria,134,1,2020-03-23
Bulgaria,161,5,2020-03-30
Bulgaria,185,12,2020-04-06
Bulgaria,144,9,2020-04-13
Bulgaria,240,14,2020-04-20
Bulgaria,385,13,2020-04-27
Bulgaria,318,17,2020-05-04
Bulgaria,347,18,2020-05-11
Bulgaria,270,19,2020-05-18
Bulgaria,198,20,2020-05-25
Bulgaria,80,10,2020-06-01
Bulgaria,214,20,2020-06-08
Bulgaria,563,14,2020-06-15
Bulgaria,615,25,2020-06-22
Bulgaria,786,20,2020-06-29
Bulgaria,1049,27,2020-07-06
Bulgaria,1512,22,2020-07-13
Bulgaria,1481,32,2020-07-20
Bulgaria,1694,40,2020-07-27
Bulgaria,1528,48,2020-08-03
Bulgaria,1441,59,2020-08-10
Bulgaria,969,51,2020-08-17
Bulgaria,922,47,2020-08-24
Bulgaria,903,68,2020-08-31
Bulgaria,860,58,2020-09-07
Bulgaria,868,49,2020-09-14
Bulgaria,945,41,2020-09-21
Bulgaria,1192,35,2020-09-28
Bulgaria,1532,48,2020-10-05
Bulgaria,2815,48,2020-10-12
Bulgaria,5101,94,2020-10-19
Bulgaria,8386,108,2020-10-26
Bulgaria,16180,204,2020-11-02
Bulgaria,21091,367,2020-11-09
Bulgaria,23091,465,2020-11-16
Bulgaria,23569,750,2020-11-23
Bulgaria,20666,934,2020-11-30
Bulgaria,18935,983,2020-12-07
Bulgaria,18028,891,2020-12-14
Bulgaria,11746,921,2020-12-21
Bulgaria,6521,555,2020-12-28
Bulgaria,5460,448,2021-01-04
Bulgaria,3302,357,2021-01-11
Bulgaria,3004,337,2021-01-18
Bulgaria,3931,225,2021-01-25
Bulgaria,4986,286,2021-02-01
Bulgaria,5945,293,2021-02-08
Bulgaria,6987,230,2021-02-15
Croatia,0,0,2020-01-06
Croatia,0,0,2020-01-13
Croatia,0,0,2020-01-20
Croatia,0,0,2020-01-27
Croatia,0,0,2020-02-03
Croatia,0,0,2020-02-10
Croatia,0,0,2020-02-17
Croatia,0,0,2020-02-24
Croatia,7,0,2020-03-02
Croatia,5,0,2020-03-09
Croatia,36,0,2020-03-16
Croatia,187,0,2020-03-23
Croatia,478,6,2020-03-30
Croatia,469,9,2020-04-06
Croatia,418,8,2020-04-13
Croatia,271,24,2020-04-20
Croatia,159,8,2020-04-27
Croatia,66,24,2020-05-04
Croatia,91,11,2020-05-11
Croatia,39,5,2020-05-18
Croatia,18,4,2020-05-25
Croatia,2,4,2020-06-01
Croatia,1,1,2020-06-08
Croatia,5,3,2020-06-15
Croatia,65,0,2020-06-22
Croatia,374,0,2020-06-29
Croatia,460,6,2020-07-06
Croatia,571,6,2020-07-13
Croatia,632,1,2020-07-20
Croatia,503,16,2020-07-27
Croatia,403,13,2020-08-03
Croatia,344,8,2020-08-10
Croatia,967,9,2020-08-17
Croatia,1604,5,2020-08-24
Croatia,1948,13,2020-08-31
Croatia,1841,14,2020-09-07
Croatia,1569,26,2020-09-14
Croatia,1389,24,2020-09-21
Croatia,1275,24,2020-09-28
Croatia,1462,26,2020-10-05
Croatia,2781,26,2020-10-12
Croatia,5140,39,2020-10-19
Croatia,10800,74,2020-10-26
Croatia,15115,125,2020-11-02
Croatia,15752,232,2020-11-09
Croatia,16959,255,2020-11-16
Croatia,19512,304,2020-11-23
Croatia,22894,359,2020-11-30
Croatia,23741,462,2020-12-07
Croatia,25533,466,2020-12-14
Croatia,19842,617,2020-12-21
Croatia,9518,482,2020-12-28
Croatia,7265,331,2021-01-04
Croatia,4905,252,2021-01-11
Croatia,3926,204,2021-01-18
Croatia,3466,195,2021-01-25
Croatia,2953,144,2021-02-01
Croatia,2252,141,2021-02-08
Croatia,2292,110,2021-02-15
Cyprus,30,0,2020-03-16
Cyprus,65,0,2020-03-23
Cyprus,119,6,2020-03-30
Cyprus,232,3,2020-04-06
Cyprus,187,2,2020-04-13
Cyprus,134,1,2020-04-20
Cyprus,50,2,2020-04-27
Cyprus,55,1,2020-05-04
Cyprus,26,1,2020-05-11
Cyprus,18,1,2020-05-18
Cyprus,19,0,2020-05-25
Cyprus,9,0,2020-06-01
Cyprus,20,1,2020-06-08
Cyprus,19,0,2020-06-15
Cyprus,3,1,2020-06-22
Cyprus,8,0,2020-06-29
Cyprus,9,0,2020-07-06
Cyprus,18,0,2020-07-13
Cyprus,17,0,2020-07-20
Cyprus,19,0,2020-07-27
Cyprus,93,0,2020-08-03
Cyprus,92,0,2020-08-10
Cyprus,90,1,2020-08-17
Cyprus,89,1,2020-08-24
Cyprus,66,0,2020-08-31
Cyprus,22,0,2020-09-07
Cyprus,17,0,2020-09-14
Cyprus,74,1,2020-09-21
Cyprus,96,0,2020-09-28
Cyprus,128,0,2020-10-05
Cyprus,162,3,2020-10-12
Cyprus,658,0,2020-10-19
Cyprus,901,0,2020-10-26
Cyprus,1018,1,2020-11-02
Cyprus,1424,1,2020-11-09
Cyprus,1191,13,2020-11-16
Cyprus,1465,4,2020-11-23
Cyprus,1740,4,2020-11-30
Cyprus,2068,13,2020-12-07
Cyprus,2650,17,2020-12-14
Cyprus,2587,13,2020-12-21
Cyprus,1969,21,2020-12-28
Cyprus,3376,17,2021-01-04
Cyprus,1618,22,2021-01-11
Cyprus,1049,16,2021-01-18
Cyprus,859,13,2021-01-25
Cyprus,883,13,2021-02-01
Cyprus,754,9,2021-02-08
Cyprus,747,8,2021-02-15
Czechia,0,0,2020-01-06
Czechia,0,0,2020-01-13
Czechia,0,0,2020-01-20
Czechia,0,0,2020-01-27
Czechia,0,0,2020-02-03
Czechia,0,0,2020-02-10
Czechia,0,0,2020-02-17
Czechia,0,0,2020-02-24
Czechia,3,0,2020-03-02
Czechia,29,0,2020-03-09
Czechia,266,0,2020-03-16
Czechia,867,1,2020-03-23
Czechia,1664,15,2020-03-30
Czechia,1758,51,2020-04-06
Czechia,1404,71,2020-04-13
Czechia,796,50,2020-04-20
Czechia,617,33,2020-04-27
Czechia,377,27,2020-05-04
Czechia,342,32,2020-05-11
Czechia,352,17,2020-05-18
Czechia,482,18,2020-05-25
Czechia,316,5,2020-06-01
Czechia,355,7,2020-06-08
Czechia,396,2,2020-06-15
Czechia,474,7,2020-06-22
Czechia,1105,12,2020-06-29
Czechia,912,0,2020-07-06
Czechia,659,4,2020-07-13
Czechia,771,7,2020-07-20
Czechia,1379,12,2020-07-27
Czechia,1476,12,2020-08-03
Czechia,1555,6,2020-08-10
Czechia,1657,8,2020-08-17
Czechia,1911,15,2020-08-24
Czechia,2444,11,2020-08-31
Czechia,3789,13,2020-09-07
Czechia,8032,20,2020-09-14
Czechia,13052,47,2020-09-21
Czechia,15357,103,2020-09-28
Czechia,17849,121,2020-10-05
Czechia,34664,307,2020-10-12
Czechia,56775,388,2020-10-19
Czechia,84212,779,2020-10-26
Czechia,83547,1228,2020-11-02
Czechia,73184,1429,2020-11-09
Czechia,45288,1350,2020-11-16
Czechia,32147,988,2020-11-23
Czechia,27460,942,2020-11-30
Czechia,27110,764,2020-12-07
Czechia,34246,707,2020-12-14
Czechia,46444,802,2020-12-21
Czechia,46817,741,2020-12-28
Czechia,88740,1202,2021-01-04
Czechia,56398,1177,2021-01-11
Czechia,48152,1004,2021-01-18
Czechia,47325,939,2021-01-25
Czechia,50076,941,2021-02-01
Czechia,53455,917,2021-02-08
Czechia,66320,1080,2021-02-15
Denmark,0,0,2020-01-06
Denmark,0,0,2020-01-13
Denmark,0,0,2020-01-20
Denmark,0,0,2020-01-27
Denmark,0,0,2020-02-03
Denmark,0,0,2020-02-10
Denmark,0,0,2020-02-17
Denmark,0,0,2020-02-24
Denmark,4,0,2020-03-02
Denmark,34,0,2020-03-09
Denmark,837,1,2020-03-16
Denmark,520,12,2020-03-23
Denmark,1000,59,2020-03-30
Denmark,1974,107,2020-04-06
Denmark,1805,94,2020-04-13
Denmark,1210,82,2020-04-20
Denmark,1191,67,2020-04-27
Denmark,948,59,2020-05-04
Denmark,906,38,2020-05-11
Denmark,498,28,2020-05-18
Denmark,433,15,2020-05-25
Denmark,309,12,2020-06-01
Denmark,279,15,2020-06-08
Denmark,245,8,2020-06-15
Denmark,198,3,2020-06-22
Denmark,284,4,2020-06-29
Denmark,157,2,2020-07-06
Denmark,114,3,2020-07-13
Denmark,227,2,2020-07-20
Denmark,265,2,2020-07-27
Denmark,351,2,2020-08-03
Denmark,653,2,2020-08-10
Denmark,1175,4,2020-08-17
Denmark,510,0,2020-08-24
Denmark,573,3,2020-08-31
Denmark,847,3,2020-09-07
Denmark,1669,2,2020-09-14
Denmark,2631,6,2020-09-21
Denmark,4790,14,2020-09-28
Denmark,3043,9,2020-10-05
Denmark,2742,11,2020-10-12
Denmark,2970,11,2020-10-19
Denmark,4964,22,2020-10-26
Denmark,6943,21,2020-11-02
Denmark,7822,20,2020-11-09
Denmark,7015,17,2020-11-16
Denmark,8349,24,2020-11-23
Denmark,8867,45,2020-11-30
Denmark,11251,56,2020-12-07
Denmark,19155,56,2020-12-14
Denmark,24676,94,2020-12-21
Denmark,18915,169,2020-12-28
Denmark,14014,223,2021-01-04
Denmark,7170,208,2021-01-11
Denmark,5401,205,2021-01-18
Denmark,3664,135,2021-01-25
Denmark,2661,71,2021-02-01
Denmark,3178,85,2021-02-08
Denmark,3228,42,2021-02-15
Estonia,0,0,2020-01-06
Estonia,0,0,2020-01-13
Estonia,0,0,2020-01-20
Estonia,0,0,2020-01-27
Estonia,0,0,2020-02-03
Estonia,0,0,2020-02-10
Estonia,0,0,2020-02-17
Estonia,0,0,2020-02-24
Estonia,1,0,2020-03-02
Estonia,9,0,2020-03-09
Estonia,161,0,2020-03-16
Estonia,155,0,2020-03-23
Estonia,353,3,2020-03-30
Estonia,418,12,2020-04-06
Estonia,212,10,2020-04-13
Estonia,219,15,2020-04-20
Estonia,115,9,2020-04-27
Estonia,57,6,2020-05-04
Estonia,39,5,2020-05-11
Estonia,35,3,2020-05-18
Estonia,49,0,2020-05-25
Estonia,46,0,2020-06-01
Estonia,70,0,2020-06-08
Estonia,34,0,2020-06-15
Estonia,8,0,2020-06-22
Estonia,6,0,2020-06-29
Estonia,6,0,2020-07-06
Estonia,21,0,2020-07-13
Estonia,7,0,2020-07-20
Estonia,13,0,2020-07-27
Estonia,45,0,2020-08-03
Estonia,73,0,2020-08-10
Estonia,38,0,2020-08-17
Estonia,82,0,2020-08-24
Estonia,101,1,2020-08-31
Estonia,142,0,2020-09-07
Estonia,161,0,2020-09-14
Estonia,248,0,2020-09-21
Estonia,276,0,2020-09-28
Estonia,407,3,2020-10-05
Estonia,258,1,2020-10-12
Estonia,213,0,2020-10-19
Estonia,333,5,2020-10-26
Estonia,574,0,2020-11-02
Estonia,1140,2,2020-11-09
Estonia,1512,6,2020-11-16
Estonia,2087,7,2020-11-23
Estonia,2328,24,2020-11-30
Estonia,2926,19,2020-12-07
Estonia,3077,18,2020-12-14
Estonia,3739,25,2020-12-21
Estonia,4014,39,2020-12-28
Estonia,4284,36,2021-01-04
Estonia,3539,46,2021-01-11
Estonia,3372,43,2021-01-18
Estonia,3492,43,2021-01-25
Estonia,4059,47,2021-02-01
Estonia,4560,35,2021-02-08
Estonia,4789,34,2021-02-15
EU/EEA (total),0,0,2020-01-06
EU/EEA (total),0,0,2020-01-13
EU/EEA (total),0,0,2020-01-20
EU/EEA (total),3,0,2020-01-27
EU/EEA (total),17,0,2020-02-03
EU/EEA (total),11,0,2020-02-10
EU/EEA (total),3,1,2020-02-17
EU/EEA (total),472,2,2020-02-24
EU/EEA (total),1694,34,2020-03-02
EU/EEA (total),10270,356,2020-03-09
EU/EEA (total),42558,1905,2020-03-16
EU/EEA (total),114338,6212,2020-03-23
EU/EEA (total),190511,14420,2020-03-30
EU/EEA (total),191646,21411,2020-04-06
EU/EEA (total),160738,21130,2020-04-13
EU/EEA (total),119069,19112,2020-04-20
EU/EEA (total),93460,13879,2020-04-27
EU/EEA (total),57111,10314,2020-05-04
EU/EEA (total),52026,7420,2020-05-11
EU/EEA (total),35312,5735,2020-05-18
EU/EEA (total),29454,2158,2020-05-25
EU/EEA (total),31612,2593,2020-06-01
EU/EEA (total),24527,1755,2020-06-08
EU/EEA (total),27581,1463,2020-06-15
EU/EEA (total),28715,2381,2020-06-22
EU/EEA (total),29177,837,2020-06-29
EU/EEA (total),27486,804,2020-07-06
EU/EEA (total),27985,660,2020-07-13
EU/EEA (total),35231,636,2020-07-20
EU/EEA (total),48720,527,2020-07-27
EU/EEA (total),60033,630,2020-08-03
EU/EEA (total),77033,807,2020-08-10
EU/EEA (total),103378,990,2020-08-17
EU/EEA (total),120636,985,2020-08-24
EU/EEA (total),145385,975,2020-08-31
EU/EEA (total),168449,1212,2020-09-07
EU/EEA (total),201606,1213,2020-09-14
EU/EEA (total),254242,2036,2020-09-21
EU/EEA (total),286096,2341,2020-09-28
EU/EEA (total),300868,2556,2020-10-05
EU/EEA (total),464427,3573,2020-10-12
EU/EEA (total),689552,4660,2020-10-19
EU/EEA (total),1039691,7341,2020-10-26
EU/EEA (total),1317704,11638,2020-11-02
EU/EEA (total),1513773,18744,2020-11-09
EU/EEA (total),1290314,21061,2020-11-16
EU/EEA (total),1169669,23382,2020-11-23
EU/EEA (total),959938,24938,2020-11-30
EU/EEA (total),850042,24317,2020-12-07
EU/EEA (total),883812,23764,2020-12-14
EU/EEA (total),931200,24293,2020-12-21
EU/EEA (total),807821,20490,2020-12-28
EU/EEA (total),1083068,23930,2021-01-04
EU/EEA (total),968613,23572,2021-01-11
EU/EEA (total),947308,24086,2021-01-18
EU/EEA (total),875254,23423,2021-01-25
EU/EEA (total),751854,22533,2021-02-01
EU/EEA (total),632352,19515,2021-02-08
EU/EEA (total),651144,16159,2021-02-15
Europe (total),0,0,2020-01-06
Europe (total),0,0,2020-01-13
Europe (total),0,0,2020-01-20
Europe (total),3,0,2020-01-27
Europe (total),21,0,2020-02-03
Europe (total),17,0,2020-02-10
Europe (total),5,1,2020-02-17
Europe (total),473,2,2020-02-24
Europe (total),1772,35,2020-03-02
Europe (total),11008,360,2020-03-09
Europe (total),47008,1964,2020-03-16
Europe (total),128116,6557,2020-03-23
Europe (total),227608,16170,2020-03-30
Europe (total),255818,26553,2020-04-06
Europe (total),245737,28759,2020-04-13
Europe (total),221408,26840,2020-04-20
Europe (total),201793,20995,2020-04-27
Europe (total),172362,16055,2020-05-04
Europe (total),176033,11946,2020-05-11
Europe (total),152457,9578,2020-05-18
Europe (total),130495,5691,2020-05-25
Europe (total),125955,5722,2020-06-01
Europe (total),119691,4545,2020-06-08
Europe (total),124402,3789,2020-06-15
Europe (total),122654,4606,2020-06-22
Europe (total),117777,2825,2020-06-29
Europe (total),110086,2809,2020-07-06
Europe (total),108328,2767,2020-07-13
Europe (total),112851,2435,2020-07-20
Europe (total),123721,2239,2020-07-27
Europe (total),174729,2283,2020-08-03
Europe (total),199078,2395,2020-08-10
Europe (total),225911,2484,2020-08-17
Europe (total),244754,2400,2020-08-24
Europe (total),273413,2537,2020-08-31
Europe (total),305673,2948,2020-09-07
Europe (total),353980,3106,2020-09-14
Europe (total),418848,4194,2020-09-21
Europe (total),476251,4664,2020-09-28
Europe (total),540600,5159,2020-10-05
Europe (total),775192,6657,2020-10-12
Europe (total),1063221,8739,2020-10-19
Europe (total),1495982,12375,2020-10-26
Europe (total),1844233,18179,2020-11-02
Europe (total),2092934,26599,2020-11-09
Europe (total),1916001,30481,2020-11-16
Europe (total),1804273,33711,2020-11-23
Europe (total),1699270,37073,2020-11-30
Europe (total),1649174,36337,2020-12-07
Europe (total),1692491,36374,2020-12-14
Europe (total),1657817,35683,2020-12-21
Europe (total),1711946,35785,2020-12-28
Europe (total),1884346,37663,2021-01-04
Europe (total),1636697,38791,2021-01-11
Europe (total),1481294,39974,2021-01-18
Europe (total),1312419,38421,2021-01-25
Europe (total),1147710,35071,2021-02-01
Europe (total),950435,29555,2021-02-08
Europe (total),973093,25066,2021-02-15
Faroes,3,0,2020-03-09
Faroes,6,0,2020-03-16
Faroes,106,0,2020-03-23
Faroes,44,0,2020-03-30
Faroes,22,0,2020-04-06
Faroes,3,0,2020-04-13
Faroes,1,0,2020-04-20
Faroes,2,0,2020-04-27
Faroes,0,0,2020-05-04
Faroes,0,0,2020-05-11
Faroes,0,0,2020-05-18
Faroes,0,0,2020-05-25
Faroes,0,0,2020-06-01
Faroes,0,0,2020-06-08
Faroes,0,0,2020-06-15
Faroes,0,0,2020-06-22
Faroes,0,0,2020-06-29
Faroes,0,0,2020-07-06
Faroes,1,0,2020-07-13
Faroes,3,0,2020-07-20
Faroes,0,0,2020-07-27
Faroes,34,0,2020-08-03
Faroes,66,0,2020-08-10
Faroes,81,0,2020-08-17
Faroes,12,0,2020-08-24
Faroes,27,0,2020-08-31
Faroes,2,0,2020-09-07
Faroes,10,0,2020-09-14
Faroes,11,0,2020-09-21
Faroes,26,0,2020-09-28
Faroes,14,0,2020-10-05
Faroes,3,0,2020-10-12
Faroes,8,0,2020-10-19
Faroes,5,0,2020-10-26
Faroes,5,0,2020-11-02
Faroes,2,0,2020-11-09
Faroes,1,0,2020-11-16
Faroes,2,0,2020-11-23
Faroes,2,0,2020-11-30
Faroes,8,0,2020-12-07
Faroes,18,0,2020-12-14
Faroes,18,0,2020-12-21
Faroes,36,0,2020-12-28
Faroes,26,1,2021-01-04
Faroes,3,0,2021-01-11
Faroes,3,0,2021-01-18
Faroes,2,0,2021-01-25
Faroes,2,0,2021-02-01
Faroes,1,0,2021-02-08
Faroes,1,0,2021-02-15
Finland,0,0,2020-01-06
Finland,0,0,2020-01-13
Finland,0,0,2020-01-20
Finland,0,0,2020-01-27
Finland,1,0,2020-02-03
Finland,0,0,2020-02-10
Finland,0,0,2020-02-17
Finland,0,0,2020-02-24
Finland,5,0,2020-03-02
Finland,24,0,2020-03-09
Finland,237,0,2020-03-16
Finland,359,1,2020-03-23
Finland,592,10,2020-03-30
Finland,709,16,2020-04-06
Finland,1047,29,2020-04-13
Finland,809,38,2020-04-20
Finland,793,96,2020-04-27
Finland,678,40,2020-05-04
Finland,708,37,2020-05-11
Finland,385,31,2020-05-18
Finland,232,9,2020-05-25
Finland,280,13,2020-06-01
Finland,122,3,2020-06-08
Finland,123,3,2020-06-15
Finland,39,0,2020-06-22
Finland,48,2,2020-06-29
Finland,81,0,2020-07-06
Finland,20,0,2020-07-13
Finland,46,0,2020-07-20
Finland,55,1,2020-07-27
Finland,60,0,2020-08-03
Finland,131,2,2020-08-10
Finland,147,2,2020-08-17
Finland,189,1,2020-08-24
Finland,157,1,2020-08-31
Finland,214,1,2020-09-07
Finland,289,1,2020-09-14
Finland,400,2,2020-09-21
Finland,702,4,2020-09-28
Finland,856,2,2020-10-05
Finland,1460,1,2020-10-12
Finland,1426,5,2020-10-19
Finland,1424,2,2020-10-26
Finland,1443,5,2020-11-02
Finland,1506,4,2020-11-09
Finland,1518,7,2020-11-16
Finland,2324,6,2020-11-23
Finland,2990,18,2020-11-30
Finland,3002,22,2020-12-07
Finland,3179,46,2020-12-14
Finland,2352,28,2020-12-21
Finland,1975,57,2020-12-28
Finland,1671,32,2021-01-04
Finland,1747,24,2021-01-11
Finland,2243,34,2021-01-18
Finland,2902,22,2021-01-25
Finland,2487,24,2021-02-01
Finland,2350,15,2021-02-08
Finland,3813,17,2021-02-15
France,0,0,2020-01-06
France,0,0,2020-01-13
France,0,0,2020-01-20
France,3,0,2020-01-27
France,3,0,2020-02-03
France,5,0,2020-02-10
France,1,1,2020-02-17
France,0,0,2020-02-24
France,118,1,2020-03-02
France,996,17,2020-03-09
France,4297,108,2020-03-16
France,10595,547,2020-03-23
France,24156,1932,2020-03-30
France,30304,5472,2020-04-06
France,24925,6315,2020-04-13
France,17203,5325,2020-04-20
France,11969,3138,2020-04-27
France,6712,2039,2020-05-04
France,7776,1485,2020-05-11
France,3348,1331,2020-05-18
France,2510,656,2020-05-25
France,6832,435,2020-06-01
France,2224,353,2020-06-08
France,3243,252,2020-06-15
France,3157,233,2020-06-22
France,2559,138,2020-06-29
France,4024,115,2020-07-06
France,3792,111,2020-07-13
France,3922,148,2020-07-20
France,5854,40,2020-07-27
France,7391,73,2020-08-03
France,10002,59,2020-08-10
France,20615,86,2020-08-17
France,24363,103,2020-08-24
France,35044,93,2020-08-31
France,46834,95,2020-09-07
France,56317,215,2020-09-14
France,72669,369,2020-09-21
France,84806,442,2020-09-28
France,80601,503,2020-10-05
France,115804,500,2020-10-12
France,162060,747,2020-10-19
France,241473,1284,2020-10-26
France,275408,2258,2020-11-02
France,373409,3420,2020-11-09
France,194503,4109,2020-11-16
France,158381,4184,2020-11-23
France,78275,3593,2020-11-30
France,74014,2830,2020-12-07
France,84355,2756,2020-12-14
France,96502,2638,2020-12-21
France,89292,2560,2020-12-28
France,127528,2713,2021-01-04
France,127733,2533,2021-01-11
France,142628,2766,2021-01-18
France,143497,3008,2021-01-25
France,139934,2908,2021-02-01
France,128115,2849,2021-02-08
France,140018,2492,2021-02-15
Georgia,0,0,2020-01-06
Georgia,0,0,2020-01-13
Georgia,0,0,2020-01-20
Georgia,0,0,2020-01-27
Georgia,0,0,2020-02-03
Georgia,0,0,2020-02-10
Georgia,0,0,2020-02-17
Georgia,0,0,2020-02-24
Georgia,3,0,2020-03-02
Georgia,10,0,2020-03-09
Georgia,17,0,2020-03-16
Georgia,24,0,2020-03-23
Georgia,36,0,2020-03-30
Georgia,84,2,2020-04-06
Georgia,83,1,2020-04-13
Georgia,137,1,2020-04-20
Georgia,92,2,2020-04-27
Georgia,103,3,2020-05-04
Georgia,46,1,2020-05-11
Georgia,66,2,2020-05-18
Georgia,29,0,2020-05-25
Georgia,53,0,2020-06-01
Georgia,25,1,2020-06-08
Georgia,71,1,2020-06-15
Georgia,29,0,2020-06-22
Georgia,18,1,2020-06-29
Georgia,27,0,2020-07-06
Georgia,42,0,2020-07-13
Georgia,33,0,2020-07-20
Georgia,109,1,2020-07-27
Georgia,40,1,2020-08-03
Georgia,73,0,2020-08-10
Georgia,91,0,2020-08-17
Georgia,70,0,2020-08-24
Georgia,76,2,2020-08-31
Georgia,153,0,2020-09-07
Georgia,752,0,2020-09-14
Georgia,1303,1,2020-09-21
Georgia,1857,8,2020-09-28
Georgia,2566,22,2020-10-05
Georgia,3676,35,2020-10-12
Georgia,5683,51,2020-10-19
Georgia,12826,79,2020-10-26
Georgia,12276,127,2020-11-02
Georgia,18101,157,2020-11-09
Georgia,22155,234,2020-11-16
Georgia,25855,279,2020-11-23
Georgia,26894,255,2020-11-30
Georgia,29392,273,2020-12-07
Georgia,26087,299,2020-12-14
Georgia,18399,301,2020-12-21
Georgia,12681,278,2020-12-28
Georgia,10017,168,2021-01-04
Georgia,8135,162,2021-01-11
Georgia,5901,113,2021-01-18
Georgia,4535,123,2021-01-25
Georgia,3877,104,2021-02-01
Georgia,3494,65,2021-02-08
Georgia,2780,84,2021-02-15
Germany,0,0,2020-01-06
Germany,0,0,2020-01-13
Germany,0,0,2020-01-20
Germany,0,0,2020-01-27
Germany,9,0,2020-02-03
Germany,4,0,2020-02-10
Germany,2,0,2020-02-17
Germany,0,0,2020-02-24
Germany,114,0,2020-03-02
Germany,773,0,2020-03-09
Germany,3936,12,2020-03-16
Germany,19936,82,2020-03-23
Germany,32524,361,2020-03-30
Germany,38093,979,2020-04-06
Germany,27625,1365,2020-04-13
Germany,18656,1605,2020-04-20
Germany,13521,1346,2020-04-27
Germany,7982,942,2020-05-04
Germany,6400,725,2020-05-11
Germany,5122,518,2020-05-18
Germany,3873,322,2020-05-25
Germany,3245,254,2020-06-01
Germany,2378,163,2020-06-08
Germany,2268,117,2020-06-15
Germany,3898,94,2020-06-22
Germany,3402,76,2020-06-29
Germany,2793,55,2020-07-06
Germany,2409,48,2020-07-13
Germany,2860,22,2020-07-20
Germany,3786,32,2020-07-27
Germany,4793,30,2020-08-03
Germany,5925,49,2020-08-10
Germany,7687,35,2020-08-17
Germany,9561,40,2020-08-24
Germany,8806,26,2020-08-31
Germany,8418,27,2020-09-07
Germany,9556,25,2020-09-14
Germany,11982,36,2020-09-21
Germany,12995,74,2020-09-28
Germany,15287,74,2020-10-05
Germany,24712,87,2020-10-12
Germany,40968,168,2020-10-19
Germany,71567,267,2020-10-26
Germany,107161,474,2020-11-02
Germany,126841,822,2020-11-09
Germany,129459,1195,2020-11-16
Germany,127806,1565,2020-11-23
Germany,124736,2136,2020-11-30
Germany,129785,2671,2020-12-07
Germany,153424,3056,2020-12-14
Germany,173574,4300,2020-12-21
Germany,141182,3851,2020-12-28
Germany,145511,6112,2021-01-04
Germany,119635,5947,2021-01-11
Germany,101006,5454,2021-01-18
Germany,80306,5033,2021-01-25
Germany,66574,4555,2021-02-01
Germany,50442,3401,2021-02-08
Germany,51941,2827,2021-02-15
Gibraltar,15,0,2020-03-23
Gibraltar,50,0,2020-03-30
Gibraltar,38,0,2020-04-06
Gibraltar,26,0,2020-04-13
Gibraltar,4,0,2020-04-20
Gibraltar,8,0,2020-04-27
Gibraltar,3,0,2020-05-04
Gibraltar,2,0,2020-05-11
Gibraltar,1,0,2020-05-18
Gibraltar,4,0,2020-05-25
Gibraltar,18,0,2020-06-01
Gibraltar,6,0,2020-06-08
Gibraltar,1,0,2020-06-15
Gibraltar,0,0,2020-06-22
Gibraltar,1,0,2020-06-29
Gibraltar,1,0,2020-07-06
Gibraltar,2,0,2020-07-13
Gibraltar,0,0,2020-07-20
Gibraltar,5,0,2020-07-27
Gibraltar,3,0,2020-08-03
Gibraltar,9,0,2020-08-10
Gibraltar,18,0,2020-08-17
Gibraltar,14,0,2020-08-24
Gibraltar,56,0,2020-08-31
Gibraltar,30,0,2020-09-07
Gibraltar,15,0,2020-09-14
Gibraltar,20,0,2020-09-21
Gibraltar,29,0,2020-09-28
Gibraltar,53,0,2020-10-05
Gibraltar,53,0,2020-10-12
Gibraltar,86,0,2020-10-19
Gibraltar,96,0,2020-10-26
Gibraltar,36,0,2020-11-02
Gibraltar,90,0,2020-11-09
Gibraltar,109,1,2020-11-16
Gibraltar,56,3,2020-11-23
Gibraltar,56,1,2020-11-30
Gibraltar,39,0,2020-12-07
Gibraltar,22,0,2020-12-14
Gibraltar,169,1,2020-12-21
Gibraltar,462,0,2020-12-28
Gibraltar,764,8,2021-01-04
Gibraltar,500,27,2021-01-11
Gibraltar,296,20,2021-01-18
Gibraltar,148,14,2021-01-25
Gibraltar,73,6,2021-02-01
Gibraltar,32,4,2021-02-08
Gibraltar,9,3,2021-02-15
Greece,0,0,2020-01-06
Greece,0,0,2020-01-13
Greece,0,0,2020-01-20
Greece,0,0,2020-01-27
Greece,0,0,2020-02-03
Greece,0,0,2020-02-10
Greece,0,0,2020-02-17
Greece,0,0,2020-02-24
Greece,7,0,2020-03-02
Greece,66,0,2020-03-09
Greece,258,4,2020-03-16
Greece,293,11,2020-03-23
Greece,532,23,2020-03-30
Greece,579,35,2020-04-06
Greece,379,25,2020-04-13
Greece,121,12,2020-04-20
Greece,271,20,2020-04-27
Greece,120,14,2020-05-04
Greece,90,7,2020-05-11
Greece,118,12,2020-05-18
Greece,44,8,2020-05-25
Greece,39,4,2020-06-01
Greece,80,5,2020-06-08
Greece,124,3,2020-06-15
Greece,145,7,2020-06-22
Greece,110,1,2020-06-29
Greece,143,1,2020-07-06
Greece,284,1,2020-07-13
Greece,204,1,2020-07-20
Greece,186,8,2020-07-27
Greece,469,6,2020-08-03
Greece,961,4,2020-08-10
Greece,1452,16,2020-08-17
Greece,1589,14,2020-08-24
Greece,1470,20,2020-08-31
Greece,1390,22,2020-09-07
Greece,1716,21,2020-09-14
Greece,1902,33,2020-09-21
Greece,2302,41,2020-09-28
Greece,2398,30,2020-10-05
Greece,2516,40,2020-10-12
Greece,3012,60,2020-10-19
Greece,5412,65,2020-10-26
Greece,10147,61,2020-11-02
Greece,15769,149,2020-11-09
Greece,17507,322,2020-11-16
Greece,17414,524,2020-11-23
Greece,12608,691,2020-11-30
Greece,11244,682,2020-12-07
Greece,9063,622,2020-12-14
Greece,6538,547,2020-12-21
Greece,4859,500,2020-12-28
Greece,4639,306,2021-01-04
Greece,3869,206,2021-01-11
Greece,3373,177,2021-01-18
Greece,4977,150,2021-01-25
Greece,6989,176,2021-02-01
Greece,8182,154,2021-02-08
Greece,7674,171,2021-02-15
Guernsey,17,0,2020-03-23
Guernsey,28,0,2020-03-30
Guernsey,109,3,2020-04-06
Guernsey,64,3,2020-04-13
Guernsey,21,3,2020-04-20
Guernsey,8,4,2020-04-27
Guernsey,5,0,2020-05-04
Guernsey,0,0,2020-05-11
Guernsey,0,0,2020-05-18
Guernsey,0,0,2020-05-25
Guernsey,0,0,2020-06-01
Guernsey,0,0,2020-06-08
Guernsey,0,0,2020-06-15
Guernsey,0,0,2020-06-22
Guernsey,0,0,2020-06-29
Guernsey,0,0,2020-07-06
Guernsey,0,0,2020-07-13
Guernsey,0,0,2020-07-20
Guernsey,0,0,2020-07-27
Guernsey,0,0,2020-08-03
Guernsey,0,0,2020-08-10
Guernsey,0,0,2020-08-17
Guernsey,0,0,2020-08-24
Guernsey,0,0,2020-08-31
Guernsey,0,0,2020-09-07
Guernsey,1,0,2020-09-14
Guernsey,2,0,2020-09-21
Guernsey,1,0,2020-09-28
Guernsey,1,0,2020-10-05
Guernsey,1,0,2020-10-12
Guernsey,0,0,2020-10-19
Guernsey,7,0,2020-10-26
Guernsey,5,0,2020-11-02
Guernsey,9,0,2020-11-09
Guernsey,3,0,2020-11-16
Guernsey,1,0,2020-11-23
Guernsey,3,0,2020-11-30
Guernsey,2,0,2020-12-07
Guernsey,1,0,2020-12-14
Guernsey,4,0,2020-12-21
Guernsey,4,0,2020-12-28
Guernsey,5,0,2021-01-04
Guernsey,4,0,2021-01-11
Guernsey,12,0,2021-01-18
Guernsey,218,0,2021-01-25
Guernsey,202,0,2021-02-01
Guernsey,56,0,2021-02-08
Guernsey,16,1,2021-02-15
Hungary,8,0,2020-03-09
Hungary,31,1,2020-03-16
Hungary,128,6,2020-03-23
Hungary,280,8,2020-03-30
Hungary,297,23,2020-04-06
Hungary,714,71,2020-04-13
Hungary,526,90,2020-04-20
Hungary,599,81,2020-04-27
Hungary,452,71,2020-05-04
Hungary,249,70,2020-05-11
Hungary,251,41,2020-05-18
Hungary,221,29,2020-05-25
Hungary,120,35,2020-06-01
Hungary,94,16,2020-06-08
Hungary,106,21,2020-06-15
Hungary,26,9,2020-06-22
Hungary,40,9,2020-06-29
Hungary,41,8,2020-07-06
Hungary,51,6,2020-07-13
Hungary,99,1,2020-07-20
Hungary,115,0,2020-07-27
Hungary,87,1,2020-08-03
Hungary,161,5,2020-08-10
Hungary,220,6,2020-08-17
Hungary,239,5,2020-08-24
Hungary,806,1,2020-08-31
Hungary,2426,10,2020-09-07
Hungary,3922,13,2020-09-14
Hungary,6557,49,2020-09-21
Hungary,5850,63,2020-09-28
Hungary,6764,84,2020-10-05
Hungary,7097,135,2020-10-12
Hungary,9191,205,2020-10-19
Hungary,13795,299,2020-10-26
Hungary,21217,417,2020-11-02
Hungary,31998,604,2020-11-09
Hungary,32678,697,2020-11-16
Hungary,30496,701,2020-11-23
Hungary,39170,932,2020-11-30
Hungary,37026,1161,2020-12-07
Hungary,29722,1146,2020-12-14
Hungary,21260,1152,2020-12-21
Hungary,11539,879,2020-12-28
Hungary,14805,748,2021-01-04
Hungary,9047,684,2021-01-11
Hungary,7715,615,2021-01-18
Hungary,8292,554,2021-01-25
Hungary,8945,577,2021-02-01
Hungary,11144,597,2021-02-08
Hungary,16847,595,2021-02-15
Iceland,0,0,2020-01-06
Iceland,0,0,2020-01-13
Iceland,0,0,2020-01-20
Iceland,0,0,2020-01-27
Iceland,0,0,2020-02-03
Iceland,0,0,2020-02-10
Iceland,0,0,2020-02-17
Iceland,0,0,2020-02-24
Iceland,3,0,2020-03-02
Iceland,52,0,2020-03-09
Iceland,123,0,2020-03-16
Iceland,390,1,2020-03-23
Iceland,452,1,2020-03-30
Iceland,466,2,2020-04-06
Iceland,215,4,2020-04-13
Iceland,70,1,2020-04-20
Iceland,21,1,2020-04-27
Iceland,7,0,2020-05-04
Iceland,2,0,2020-05-11
Iceland,1,0,2020-05-18
Iceland,2,0,2020-05-25
Iceland,2,0,2020-06-01
Iceland,1,0,2020-06-08
Iceland,3,0,2020-06-15
Iceland,5,0,2020-06-22
Iceland,6,0,2020-06-29
Iceland,9,0,2020-07-06
Iceland,3,0,2020-07-13
Iceland,6,0,2020-07-20
Iceland,8,0,2020-07-27
Iceland,60,0,2020-08-03
Iceland,51,0,2020-08-10
Iceland,53,0,2020-08-17
Iceland,53,0,2020-08-24
Iceland,41,0,2020-08-31
Iceland,36,0,2020-09-07
Iceland,24,0,2020-09-14
Iceland,181,0,2020-09-21
Iceland,277,0,2020-09-28
Iceland,298,0,2020-10-05
Iceland,605,0,2020-10-12
Iceland,529,1,2020-10-19
Iceland,393,0,2020-10-26
Iceland,442,1,2020-11-02
Iceland,188,8,2020-11-09
Iceland,111,5,2020-11-16
Iceland,88,1,2020-11-23
Iceland,104,0,2020-11-30
Iceland,101,1,2020-12-07
Iceland,75,1,2020-12-14
Iceland,85,0,2020-12-21
Iceland,84,0,2020-12-28
Iceland,144,0,2021-01-04
Iceland,72,0,2021-01-11
Iceland,20,0,2021-01-18
Iceland,19,0,2021-01-25
Iceland,11,0,2021-02-01
Iceland,13,0,2021-02-08
Iceland,16,0,2021-02-15
Ireland,0,0,2020-01-06
Ireland,0,0,2020-01-13
Ireland,0,0,2020-01-20
Ireland,0,0,2020-01-27
Ireland,0,0,2020-02-03
Ireland,0,0,2020-02-10
Ireland,0,0,2020-02-17
Ireland,0,0,2020-02-24
Ireland,1,0,2020-03-02
Ireland,20,0,2020-03-09
Ireland,148,2,2020-03-16
Ireland,737,2,2020-03-23
Ireland,1709,42,2020-03-30
Ireland,2496,112,2020-04-06
Ireland,4544,176,2020-04-13
Ireland,5596,276,2020-04-20
Ireland,4011,477,2020-04-27
Ireland,2244,216,2020-05-04
Ireland,1490,155,2020-05-11
Ireland,1116,85,2020-05-18
Ireland,527,63,2020-05-25
Ireland,351,44,2020-06-01
Ireland,211,29,2020-06-08
Ireland,102,27,2020-06-15
Ireland,76,9,2020-06-22
Ireland,60,20,2020-06-29
Ireland,88,6,2020-07-06
Ireland,101,5,2020-07-13
Ireland,132,7,2020-07-20
Ireland,121,10,2020-07-27
Ireland,281,0,2020-08-03
Ireland,550,9,2020-08-10
Ireland,545,2,2020-08-17
Ireland,712,3,2020-08-24
Ireland,791,0,2020-08-31
Ireland,912,0,2020-09-07
Ireland,1313,7,2020-09-14
Ireland,1948,8,2020-09-21
Ireland,2057,10,2020-09-28
Ireland,3042,8,2020-10-05
Ireland,4496,16,2020-10-12
Ireland,7434,26,2020-10-19
Ireland,7166,30,2020-10-26
Ireland,4874,33,2020-11-02
Ireland,3392,32,2020-11-09
Ireland,2509,32,2020-11-16
Ireland,2558,43,2020-11-23
Ireland,1780,30,2020-11-30
Ireland,2005,45,2020-12-07
Ireland,1939,27,2020-12-14
Ireland,3357,34,2020-12-21
Ireland,6587,46,2020-12-28
Ireland,45726,85,2021-01-04
Ireland,25113,264,2021-01-11
Ireland,14828,362,2021-01-18
Ireland,8993,337,2021-01-25
Ireland,7021,379,2021-02-01
Ireland,6014,262,2021-02-08
Ireland,5475,188,2021-02-15
Isle of Man,2,0,2020-03-23
Isle of Man,40,0,2020-03-30
Isle of Man,85,1,2020-04-06
Isle of Man,101,1,2020-04-13
Isle of Man,70,4,2020-04-20
Isle of Man,10,12,2020-04-27
Isle of Man,13,4,2020-05-04
Isle of Man,9,1,2020-05-11
Isle of Man,5,1,2020-05-18
Isle of Man,1,0,2020-05-25
Isle of Man,0,0,2020-06-01
Isle of Man,0,0,2020-06-08
Isle of Man,0,0,2020-06-15
Isle of Man,0,0,2020-06-22
Isle of Man,0,0,2020-06-29
Isle of Man,0,0,2020-07-06
Isle of Man,0,0,2020-07-13
Isle of Man,0,0,2020-07-20
Isle of Man,0,0,2020-07-27
Isle of Man,0,0,2020-08-03
Isle of Man,0,0,2020-08-10
Isle of Man,0,0,2020-08-17
Isle of Man,0,0,2020-08-24
Isle of Man,0,0,2020-08-31
Isle of Man,1,0,2020-09-07
Isle of Man,0,0,2020-09-14
Isle of Man,2,0,2020-09-21
Isle of Man,1,0,2020-09-28
Isle of Man,2,0,2020-10-05
Isle of Man,4,0,2020-10-12
Isle of Man,2,0,2020-10-19
Isle of Man,0,0,2020-10-26
Isle of Man,5,0,2020-11-02
Isle of Man,4,1,2020-11-09
Isle of Man,6,0,2020-11-16
Isle of Man,5,0,2020-11-23
Isle of Man,1,0,2020-11-30
Isle of Man,1,0,2020-12-07
Isle of Man,3,0,2020-12-14
Isle of Man,0,0,2020-12-21
Isle of Man,1,0,2020-12-28
Isle of Man,16,0,2021-01-04
Isle of Man,32,0,2021-01-11
Isle of Man,4,0,2021-01-18
Isle of Man,2,0,2021-01-25
Isle of Man,0,0,2021-02-01
Isle of Man,2,0,2021-02-08
Isle of Man,14,0,2021-02-15
Italy,0,0,2020-01-06
Italy,0,0,2020-01-13
Italy,0,0,2020-01-20
Italy,0,0,2020-01-27
Italy,3,0,2020-02-03
Italy,0,0,2020-02-10
Italy,0,0,2020-02-17
Italy,129,2,2020-02-24
Italy,1557,33,2020-03-02
Italy,5686,331,2020-03-09
Italy,16605,1445,2020-03-16
Italy,35158,3665,2020-03-23
Italy,38551,5305,2020-03-30
Italy,31259,5108,2020-04-06
Italy,27415,4012,2020-04-13
Italy,22609,3759,2020-04-20
Italy,18703,2984,2020-04-27
Italy,13042,2240,2020-05-04
Italy,8353,1676,2020-05-11
Italy,6365,1348,2020-05-18
Italy,4423,877,2020-05-25
Italy,3161,630,2020-06-01
Italy,1979,484,2020-06-08
Italy,1991,446,2020-06-15
Italy,1510,289,2020-06-22
Italy,1811,104,2020-06-29
Italy,1301,123,2020-07-06
Italy,1450,93,2020-07-13
Italy,1373,91,2020-07-20
Italy,1684,62,2020-07-27
Italy,1952,47,2020-08-03
Italy,2496,51,2020-08-10
Italy,3349,191,2020-08-17
Italy,5430,41,2020-08-24
Italy,8873,40,2020-08-31
Italy,9416,64,2020-09-07
Italy,10119,69,2020-09-14
Italy,10403,97,2020-09-21
Italy,11714,128,2020-09-28
Italy,15459,151,2020-10-05
Italy,29621,180,2020-10-12
Italy,59291,377,2020-10-19
Italy,111541,795,2020-10-26
Italy,183553,1488,2020-11-02
Italy,225769,2568,2020-11-09
Italy,243425,3835,2020-11-16
Italy,230339,4594,2020-11-23
Italy,176310,5081,2020-11-30
Italy,143700,5174,2020-12-07
Italy,114834,4442,2020-12-14
Italy,109473,4279,2020-12-21
Italy,94511,3126,2020-12-28
Italy,121045,3423,2021-01-04
Italy,104786,3422,2021-01-11
Italy,85536,3284,2021-01-18
Italy,86219,3055,2021-01-25
Italy,83706,2757,2021-02-01
Italy,85141,2304,2021-02-08
Italy,87367,2141,2021-02-15
Jersey,15,0,2020-03-23
Jersey,48,2,2020-03-30
Jersey,92,1,2020-04-06
Jersey,58,1,2020-04-13
Jersey,36,8,2020-04-20
Jersey,32,7,2020-04-27
Jersey,11,5,2020-05-04
Jersey,2,1,2020-05-11
Jersey,8,2,2020-05-18
Jersey,4,2,2020-05-25
Jersey,2,0,2020-06-01
Jersey,3,1,2020-06-08
Jersey,2,0,2020-06-15
Jersey,5,1,2020-06-22
Jersey,1,0,2020-06-29
Jersey,1,0,2020-07-06
Jersey,5,0,2020-07-13
Jersey,6,0,2020-07-20
Jersey,1,0,2020-07-27
Jersey,3,0,2020-08-03
Jersey,10,0,2020-08-10
Jersey,10,0,2020-08-17
Jersey,8,1,2020-08-24
Jersey,11,0,2020-08-31
Jersey,10,0,2020-09-07
Jersey,-4,0,2020-09-14
Jersey,13,0,2020-09-21
Jersey,7,0,2020-09-28
Jersey,21,0,2020-10-05
Jersey,28,0,2020-10-12
Jersey,41,0,2020-10-19
Jersey,40,0,2020-10-26
Jersey,44,0,2020-11-02
Jersey,69,0,2020-11-09
Jersey,89,0,2020-11-16
Jersey,79,0,2020-11-23
Jersey,117,0,2020-11-30
Jersey,429,0,2020-12-07
Jersey,422,0,2020-12-14
Jersey,557,4,2020-12-21
Jersey,327,5,2020-12-28
Jersey,151,13,2021-01-04
Jersey,82,5,2021-01-11
Jersey,68,1,2021-01-18
Jersey,30,3,2021-01-25
Jersey,24,1,2021-02-01
Jersey,26,0,2021-02-08
Jersey,11,1,2021-02-15
Kosovo,13,0,2020-03-16
Kosovo,20,1,2020-03-23
Kosovo,65,0,2020-03-30
Kosovo,67,0,2020-04-06
Kosovo,197,6,2020-04-13
Kosovo,199,7,2020-04-20
Kosovo,203,6,2020-04-27
Kosovo,87,5,2020-05-04
Kosovo,33,3,2020-05-11
Kosovo,101,1,2020-05-18
Kosovo,47,0,2020-05-25
Kosovo,51,1,2020-06-01
Kosovo,151,1,2020-06-08
Kosovo,252,2,2020-06-15
Kosovo,683,3,2020-06-22
Kosovo,508,13,2020-06-29
Kosovo,679,17,2020-07-06
Kosovo,1575,36,2020-07-13
Kosovo,804,33,2020-07-20
Kosovo,1182,34,2020-07-27
Kosovo,1882,80,2020-08-03
Kosovo,1448,78,2020-08-10
Kosovo,1169,74,2020-08-17
Kosovo,1032,66,2020-08-24
Kosovo,886,49,2020-08-31
Kosovo,785,47,2020-09-07
Kosovo,518,33,2020-09-14
Kosovo,426,17,2020-09-21
Kosovo,409,9,2020-09-28
Kosovo,342,8,2020-10-05
Kosovo,365,17,2020-10-12
Kosovo,712,6,2020-10-19
Kosovo,1052,10,2020-10-26
Kosovo,2236,25,2020-11-02
Kosovo,3976,67,2020-11-09
Kosovo,4962,67,2020-11-16
Kosovo,5178,92,2020-11-23
Kosovo,4762,91,2020-11-30
Kosovo,3748,101,2020-12-07
Kosovo,3775,92,2020-12-14
Kosovo,2589,64,2020-12-21
Kosovo,1632,55,2020-12-28
Kosovo,1811,33,2021-01-04
Kosovo,2075,33,2021-01-11
Kosovo,2237,46,2021-01-18
Kosovo,2130,42,2021-01-25
Kosovo,2040,25,2021-02-01
Kosovo,2083,21,2021-02-08
Kosovo,2039,28,2021-02-15
Latvia,3,0,2020-03-09
Latvia,28,0,2020-03-16
Latvia,108,0,2020-03-23
Latvia,237,0,2020-03-30
Latvia,157,1,2020-04-06
Latvia,118,4,2020-04-13
Latvia,76,0,2020-04-20
Latvia,85,7,2020-04-27
Latvia,67,4,2020-05-04
Latvia,60,2,2020-05-11
Latvia,69,1,2020-05-18
Latvia,39,3,2020-05-25
Latvia,19,2,2020-06-01
Latvia,22,1,2020-06-08
Latvia,9,3,2020-06-15
Latvia,14,2,2020-06-22
Latvia,5,0,2020-06-29
Latvia,8,0,2020-07-06
Latvia,49,0,2020-07-13
Latvia,19,1,2020-07-20
Latvia,27,0,2020-07-27
Latvia,24,1,2020-08-03
Latvia,47,0,2020-08-10
Latvia,32,0,2020-08-17
Latvia,15,1,2020-08-24
Latvia,56,1,2020-08-31
Latvia,35,1,2020-09-07
Latvia,46,0,2020-09-14
Latvia,51,1,2020-09-21
Latvia,151,0,2020-09-28
Latvia,410,2,2020-10-05
Latvia,584,2,2020-10-12
Latvia,780,2,2020-10-19
Latvia,1228,14,2020-10-26
Latvia,1458,18,2020-11-02
Latvia,1959,25,2020-11-09
Latvia,2452,24,2020-11-16
Latvia,2573,30,2020-11-23
Latvia,3855,44,2020-11-30
Latvia,4338,65,2020-12-07
Latvia,4362,87,2020-12-14
Latvia,5265,90,2020-12-21
Latvia,5390,120,2020-12-28
Latvia,7071,169,2021-01-04
Latvia,6096,129,2021-01-11
Latvia,5344,133,2021-01-18
Latvia,5233,84,2021-01-25
Latvia,5559,144,2021-02-01
Latvia,4906,112,2021-02-08
Latvia,4813,91,2021-02-15
Liechtenstein,7,0,2020-03-16
Liechtenstein,39,0,2020-03-23
Liechtenstein,16,0,2020-03-30
Liechtenstein,16,1,2020-04-06
Liechtenstein,2,0,2020-04-13
Liechtenstein,2,0,2020-04-20
Liechtenstein,1,0,2020-04-27
Liechtenstein,0,0,2020-05-04
Liechtenstein,0,0,2020-05-11
Liechtenstein,0,0,2020-05-18
Liechtenstein,0,0,2020-05-25
Liechtenstein,0,0,2020-06-01
Liechtenstein,0,0,2020-06-08
Liechtenstein,0,0,2020-06-15
Liechtenstein,0,0,2020-06-22
Liechtenstein,0,0,2020-06-29
Liechtenstein,1,0,2020-07-06
Liechtenstein,1,0,2020-07-13
Liechtenstein,2,0,2020-07-20
Liechtenstein,0,0,2020-07-27
Liechtenstein,2,0,2020-08-03
Liechtenstein,0,0,2020-08-10
Liechtenstein,4,0,2020-08-17
Liechtenstein,8,0,2020-08-24
Liechtenstein,7,0,2020-08-31
Liechtenstein,0,0,2020-09-07
Liechtenstein,3,0,2020-09-14
Liechtenstein,1,0,2020-09-21
Liechtenstein,5,0,2020-09-28
Liechtenstein,9,0,2020-10-05
Liechtenstein,12,0,2020-10-12
Liechtenstein,86,0,2020-10-19
Liechtenstein,141,0,2020-10-26
Liechtenstein,186,2,2020-11-02
Liechtenstein,237,0,2020-11-09
Liechtenstein,197,1,2020-11-16
Liechtenstein,127,4,2020-11-23
Liechtenstein,161,7,2020-11-30
Liechtenstein,123,1,2020-12-07
Liechtenstein,118,2,2020-12-14
Liechtenstein,315,6,2020-12-21
Liechtenstein,263,3,2020-12-28
Liechtenstein,124,14,2021-01-04
Liechtenstein,49,1,2021-01-11
Liechtenstein,59,2,2021-01-18
Liechtenstein,43,0,2021-01-25
Liechtenstein,29,0,2021-02-01
Liechtenstein,14,1,2021-02-08
Liechtenstein,10,1,2021-02-15
Lithuania,0,0,2020-01-06
Lithuania,0,0,2020-01-13
Lithuania,0,0,2020-01-20
Lithuania,0,0,2020-01-27
Lithuania,0,0,2020-02-03
Lithuania,0,0,2020-02-10
Lithuania,0,0,2020-02-17
Lithuania,0,0,2020-02-24
Lithuania,1,0,2020-03-02
Lithuania,0,0,2020-03-09
Lithuania,13,0,2020-03-16
Lithuania,129,1,2020-03-23
Lithuania,341,6,2020-03-30
Lithuania,327,6,2020-04-06
Lithuania,251,11,2020-04-13
Lithuania,264,12,2020-04-20
Lithuania,112,5,2020-04-27
Lithuania,-28,5,2020-05-04
Lithuania,69,4,2020-05-11
Lithuania,62,6,2020-05-18
Lithuania,82,7,2020-05-25
Lithuania,52,7,2020-06-01
Lithuania,39,1,2020-06-08
Lithuania,54,4,2020-06-15
Lithuania,30,1,2020-06-22
Lithuania,18,2,2020-06-29
Lithuania,20,1,2020-07-06
Lithuania,33,0,2020-07-13
Lithuania,63,1,2020-07-20
Lithuania,76,0,2020-07-27
Lithuania,102,0,2020-08-03
Lithuania,142,1,2020-08-10
Lithuania,164,0,2020-08-17
Lithuania,219,3,2020-08-24
Lithuania,239,2,2020-08-31
Lithuania,209,0,2020-09-07
Lithuania,252,1,2020-09-14
Lithuania,409,0,2020-09-21
Lithuania,641,4,2020-09-28
Lithuania,800,3,2020-10-05
Lithuania,937,9,2020-10-12
Lithuania,1399,10,2020-10-19
Lithuania,2663,21,2020-10-26
Lithuania,5535,32,2020-11-02
Lithuania,8980,41,2020-11-09
Lithuania,10059,70,2020-11-16
Lithuania,12289,109,2020-11-23
Lithuania,14278,120,2020-11-30
Lithuania,14711,131,2020-12-07
Lithuania,18985,188,2020-12-14
Lithuania,19466,214,2020-12-21
Lithuania,17882,230,2020-12-28
Lithuania,12459,282,2021-01-04
Lithuania,7546,237,2021-01-11
Lithuania,9174,195,2021-01-18
Lithuania,5727,161,2021-01-25
Lithuania,4146,130,2021-02-01
Lithuania,3898,125,2021-02-08
Lithuania,3396,98,2021-02-15
Luxembourg,0,0,2020-01-06
Luxembourg,0,0,2020-01-13
Luxembourg,0,0,2020-01-20
Luxembourg,0,0,2020-01-27
Luxembourg,0,0,2020-02-03
Luxembourg,0,0,2020-02-10
Luxembourg,0,0,2020-02-17
Luxembourg,0,0,2020-02-24
Luxembourg,1,0,2020-03-02
Luxembourg,4,0,2020-03-09
Luxembourg,72,1,2020-03-16
Luxembourg,721,7,2020-03-23
Luxembourg,1152,13,2020-03-30
Luxembourg,854,15,2020-04-06
Luxembourg,477,30,2020-04-13
Luxembourg,269,7,2020-04-20
Luxembourg,173,15,2020-04-27
Luxembourg,101,8,2020-05-04
Luxembourg,62,5,2020-05-11
Luxembourg,59,6,2020-05-18
Luxembourg,47,3,2020-05-25
Luxembourg,26,0,2020-06-01
Luxembourg,21,0,2020-06-08
Luxembourg,31,0,2020-06-15
Luxembourg,50,0,2020-06-22
Luxembourg,122,0,2020-06-29
Luxembourg,280,0,2020-07-06
Luxembourg,403,1,2020-07-13
Luxembourg,558,0,2020-07-20
Luxembourg,789,1,2020-07-27
Luxembourg,423,5,2020-08-03
Luxembourg,418,2,2020-08-10
Luxembourg,326,4,2020-08-17
Luxembourg,265,1,2020-08-24
Luxembourg,-1079,0,2020-08-31
Luxembourg,271,0,2020-09-07
Luxembourg,298,0,2020-09-14
Luxembourg,610,0,2020-09-21
Luxembourg,553,0,2020-09-28
Luxembourg,352,1,2020-10-05
Luxembourg,651,5,2020-10-12
Luxembourg,1286,3,2020-10-19
Luxembourg,3558,12,2020-10-26
Luxembourg,4578,15,2020-11-02
Luxembourg,3699,25,2020-11-09
Luxembourg,4063,37,2020-11-16
Luxembourg,3789,40,2020-11-23
Luxembourg,3640,44,2020-11-30
Luxembourg,3711,44,2020-12-07
Luxembourg,3588,46,2020-12-14
Luxembourg,2795,44,2020-12-21
Luxembourg,1782,47,2020-12-28
Luxembourg,1065,27,2021-01-04
Luxembourg,868,19,2021-01-11
Luxembourg,852,12,2021-01-18
Luxembourg,965,16,2021-01-25
Luxembourg,1179,13,2021-02-01
Luxembourg,1036,14,2021-02-08
Luxembourg,1254,18,2021-02-15
Malta,3,0,2020-03-09
Malta,27,0,2020-03-16
Malta,77,0,2020-03-23
Malta,49,0,2020-03-30
Malta,85,0,2020-04-06
Malta,143,3,2020-04-13
Malta,47,0,2020-04-20
Malta,18,1,2020-04-27
Malta,30,0,2020-05-04
Malta,23,1,2020-05-11
Malta,55,1,2020-05-18
Malta,53,0,2020-05-25
Malta,8,3,2020-06-01
Malta,11,0,2020-06-08
Malta,20,0,2020-06-15
Malta,15,0,2020-06-22
Malta,5,0,2020-06-29
Malta,2,0,2020-07-06
Malta,2,0,2020-07-13
Malta,2,0,2020-07-20
Malta,24,0,2020-07-27
Malta,84,0,2020-08-03
Malta,223,0,2020-08-10
Malta,367,0,2020-08-17
Malta,295,1,2020-08-24
Malta,217,2,2020-08-31
Malta,192,2,2020-09-07
Malta,329,1,2020-09-14
Malta,371,6,2020-09-21
Malta,230,11,2020-09-28
Malta,311,7,2020-10-05
Malta,517,4,2020-10-12
Malta,894,2,2020-10-19
Malta,838,8,2020-10-26
Malta,823,8,2020-11-02
Malta,842,14,2020-11-09
Malta,894,20,2020-11-16
Malta,867,15,2020-11-23
Malta,869,25,2020-11-30
Malta,786,15,2020-12-07
Malta,595,21,2020-12-14
Malta,548,20,2020-12-21
Malta,624,20,2020-12-28
Malta,1299,11,2021-01-04
Malta,1213,7,2021-01-11
Malta,1119,12,2021-01-18
Malta,1177,22,2021-01-25
Malta,786,13,2021-02-01
Malta,1132,13,2021-02-08
Malta,947,9,2021-02-15
Moldova,23,0,2020-03-16
Moldova,71,1,2020-03-23
Moldova,169,1,2020-03-30
Moldova,601,13,2020-04-06
Moldova,798,17,2020-04-13
Moldova,810,35,2020-04-20
Moldova,936,29,2020-04-27
Moldova,713,29,2020-05-04
Moldova,806,44,2020-05-11
Moldova,1133,42,2020-05-18
Moldova,1033,39,2020-05-25
Moldova,1158,45,2020-06-01
Moldova,1449,46,2020-06-08
Moldova,2040,65,2020-06-15
Moldova,2460,67,2020-06-22
Moldova,2050,57,2020-06-29
Moldova,1564,55,2020-07-06
Moldova,1568,57,2020-07-13
Moldova,1598,42,2020-07-20
Moldova,2054,51,2020-07-27
Moldova,2328,56,2020-08-03
Moldova,2298,54,2020-08-10
Moldova,2523,51,2020-08-17
Moldova,3295,44,2020-08-24
Moldova,3222,52,2020-08-31
Moldova,3097,71,2020-09-07
Moldova,3181,60,2020-09-14
Moldova,3618,80,2020-09-21
Moldova,4279,84,2020-09-28
Moldova,5704,79,2020-10-05
Moldova,5572,95,2020-10-12
Moldova,4899,123,2020-10-19
Moldova,4453,101,2020-10-26
Moldova,5079,115,2020-11-02
Moldova,5764,93,2020-11-09
Moldova,6933,126,2020-11-16
Moldova,8662,130,2020-11-23
Moldova,9076,141,2020-11-30
Moldova,9618,129,2020-12-07
Moldova,9883,153,2020-12-14
Moldova,8689,180,2020-12-21
Moldova,6148,139,2020-12-28
Moldova,3518,102,2021-01-04
Moldova,3463,111,2021-01-11
Moldova,3348,111,2021-01-18
Moldova,3602,77,2021-01-25
Moldova,4765,105,2021-02-01
Moldova,5617,108,2021-02-08
Moldova,6566,129,2021-02-15
Monaco,0,0,2020-01-06
Monaco,0,0,2020-01-13
Monaco,0,0,2020-01-20
Monaco,0,0,2020-01-27
Monaco,0,0,2020-02-03
Monaco,0,0,2020-02-10
Monaco,0,0,2020-02-17
Monaco,0,0,2020-02-24
Monaco,1,0,2020-03-02
Monaco,0,0,2020-03-09
Monaco,8,0,2020-03-16
Monaco,11,0,2020-03-23
Monaco,15,0,2020-03-30
Monaco,16,0,2020-04-06
Monaco,13,1,2020-04-13
Monaco,1,0,2020-04-20
Monaco,0,0,2020-04-27
Monaco,1,0,2020-05-04
Monaco,0,0,2020-05-11
Monaco,0,0,2020-05-18
Monaco,1,0,2020-05-25
Monaco,0,0,2020-06-01
Monaco,0,0,2020-06-08
Monaco,0,0,2020-06-15
Monaco,1,0,2020-06-22
Monaco,2,0,2020-06-29
Monaco,5,0,2020-07-06
Monaco,1,0,2020-07-13
Monaco,0,0,2020-07-20
Monaco,5,0,2020-07-27
Monaco,3,0,2020-08-03
Monaco,10,0,2020-08-10
Monaco,5,0,2020-08-17
Monaco,12,0,2020-08-24
Monaco,20,0,2020-08-31
Monaco,17,0,2020-09-07
Monaco,23,0,2020-09-14
Monaco,22,0,2020-09-21
Monaco,17,0,2020-09-28
Monaco,12,0,2020-10-05
Monaco,12,0,2020-10-12
Monaco,31,0,2020-10-19
Monaco,41,0,2020-10-26
Monaco,60,0,2020-11-02
Monaco,120,0,2020-11-09
Monaco,62,0,2020-11-16
Monaco,34,1,2020-11-23
Monaco,26,0,2020-11-30
Monaco,30,0,2020-12-07
Monaco,30,0,2020-12-14
Monaco,60,0,2020-12-21
Monaco,75,0,2020-12-28
Monaco,150,0,2021-01-04
Monaco,148,5,2021-01-11
Monaco,152,0,2021-01-18
Monaco,132,5,2021-01-25
Monaco,166,0,2021-02-01
Monaco,105,8,2021-02-08
Monaco,110,0,2021-02-15
Montenegro,21,0,2020-03-23
Montenegro,64,1,2020-03-30
Montenegro,129,1,2020-04-06
Montenegro,58,1,2020-04-13
Montenegro,36,2,2020-04-20
Montenegro,13,2,2020-04-27
Montenegro,1,1,2020-05-04
Montenegro,2,1,2020-05-11
Montenegro,0,0,2020-05-18
Montenegro,0,0,2020-05-25
Montenegro,0,0,2020-06-01
Montenegro,0,0,2020-06-08
Montenegro,1,0,2020-06-15
Montenegro,37,0,2020-06-22
Montenegro,119,2,2020-06-29
Montenegro,300,3,2020-07-06
Montenegro,440,9,2020-07-13
Montenegro,550,7,2020-07-20
Montenegro,798,10,2020-07-27
Montenegro,689,11,2020-08-03
Montenegro,360,13,2020-08-10
Montenegro,417,13,2020-08-17
Montenegro,308,7,2020-08-24
Montenegro,447,14,2020-08-31
Montenegro,763,10,2020-09-07
Montenegro,1159,12,2020-09-14
Montenegro,1900,16,2020-09-21
Montenegro,1701,22,2020-09-28
Montenegro,1814,21,2020-10-05
Montenegro,1742,23,2020-10-12
Montenegro,1746,34,2020-10-19
Montenegro,1182,30,2020-10-26
Montenegro,1917,47,2020-11-02
Montenegro,4091,24,2020-11-09
Montenegro,4372,54,2020-11-16
Montenegro,3885,48,2020-11-23
Montenegro,3819,48,2020-11-30
Montenegro,3365,46,2020-12-07
Montenegro,3180,49,2020-12-14
Montenegro,2529,44,2020-12-21
Montenegro,2739,40,2020-12-28
Montenegro,3236,36,2021-01-04
Montenegro,3062,20,2021-01-11
Montenegro,2823,23,2021-01-18
Montenegro,3343,37,2021-01-25
Montenegro,3568,33,2021-02-01
Montenegro,3694,52,2021-02-08
Montenegro,3074,60,2021-02-15
Netherlands,0,0,2020-01-06
Netherlands,0,0,2020-01-13
Netherlands,0,0,2020-01-20
Netherlands,0,0,2020-01-27
Netherlands,0,0,2020-02-03
Netherlands,0,0,2020-02-10
Netherlands,0,0,2020-02-17
Netherlands,0,0,2020-02-24
Netherlands,13,0,2020-03-02
Netherlands,252,3,2020-03-09
Netherlands,870,17,2020-03-16
Netherlands,3069,159,2020-03-23
Netherlands,6662,592,2020-03-30
Netherlands,6985,995,2020-04-06
Netherlands,7736,971,2020-04-13
Netherlands,7068,947,2020-04-20
Netherlands,5190,791,2020-04-27
Netherlands,2726,581,2020-05-04
Netherlands,2056,384,2020-05-11
Netherlands,1368,240,2020-05-18
Netherlands,1241,142,2020-05-25
Netherlands,1206,134,2020-06-01
Netherlands,1132,57,2020-06-08
Netherlands,1209,46,2020-06-15
Netherlands,810,31,2020-06-22
Netherlands,554,15,2020-06-29
Netherlands,474,22,2020-07-06
Netherlands,401,8,2020-07-13
Netherlands,703,1,2020-07-20
Netherlands,1221,4,2020-07-27
Netherlands,2097,0,2020-08-03
Netherlands,3521,8,2020-08-10
Netherlands,4379,15,2020-08-17
Netherlands,3547,28,2020-08-24
Netherlands,3581,24,2020-08-31
Netherlands,4644,19,2020-09-07
Netherlands,7308,11,2020-09-14
Netherlands,11661,25,2020-09-21
Netherlands,17826,95,2020-09-28
Netherlands,24239,80,2020-10-05
Netherlands,38701,130,2020-10-12
Netherlands,53784,176,2020-10-19
Netherlands,62691,285,2020-10-26
Netherlands,68512,388,2020-11-02
Netherlands,50136,570,2020-11-09
Netherlands,37762,481,2020-11-16
Netherlands,36725,404,2020-11-23
Netherlands,34213,457,2020-11-30
Netherlands,38280,338,2020-12-07
Netherlands,56193,360,2020-12-14
Netherlands,76154,443,2020-12-21
Netherlands,80594,551,2020-12-28
Netherlands,57026,799,2021-01-04
Netherlands,38967,645,2021-01-11
Netherlands,35590,522,2021-01-18
Netherlands,28671,445,2021-01-25
Netherlands,26270,403,2021-02-01
Netherlands,24069,414,2021-02-08
Netherlands,28657,405,2021-02-15
North Macedonia,0,0,2020-01-06
North Macedonia,0,0,2020-01-13
North Macedonia,0,0,2020-01-20
North Macedonia,0,0,2020-01-27
North Macedonia,0,0,2020-02-03
North Macedonia,0,0,2020-02-10
North Macedonia,0,0,2020-02-17
North Macedonia,0,0,2020-02-24
North Macedonia,1,0,2020-03-02
North Macedonia,2,0,2020-03-09
North Macedonia,10,0,2020-03-16
North Macedonia,101,1,2020-03-23
North Macedonia,145,5,2020-03-30
North Macedonia,224,11,2020-04-06
North Macedonia,345,17,2020-04-13
North Macedonia,379,17,2020-04-20
North Macedonia,179,10,2020-04-27
North Macedonia,125,23,2020-05-04
North Macedonia,131,7,2020-05-11
North Macedonia,150,10,2020-05-18
North Macedonia,186,12,2020-05-25
North Macedonia,248,20,2020-06-01
North Macedonia,802,20,2020-06-08
North Macedonia,1029,35,2020-06-15
North Macedonia,1049,50,2020-06-22
North Macedonia,986,48,2020-06-29
North Macedonia,954,55,2020-07-06
North Macedonia,1065,41,2020-07-13
North Macedonia,1021,40,2020-07-20
North Macedonia,954,38,2020-07-27
North Macedonia,968,37,2020-08-03
North Macedonia,802,30,2020-08-10
North Macedonia,883,17,2020-08-17
North Macedonia,775,19,2020-08-24
North Macedonia,413,21,2020-08-31
North Macedonia,835,22,2020-09-07
North Macedonia,932,40,2020-09-14
North Macedonia,1041,47,2020-09-21
North Macedonia,894,32,2020-09-28
North Macedonia,973,28,2020-10-05
North Macedonia,2335,39,2020-10-12
North Macedonia,2691,42,2020-10-19
North Macedonia,3326,85,2020-10-26
North Macedonia,5482,85,2020-11-02
North Macedonia,7324,132,2020-11-09
North Macedonia,7290,169,2020-11-16
North Macedonia,7693,206,2020-11-23
North Macedonia,6800,220,2020-11-30
North Macedonia,6425,193,2020-12-07
North Macedonia,5670,197,2020-12-14
North Macedonia,4667,171,2020-12-21
North Macedonia,3499,164,2020-12-28
North Macedonia,2470,92,2021-01-04
North Macedonia,2444,80,2021-01-11
North Macedonia,1716,83,2021-01-18
North Macedonia,2039,70,2021-01-25
North Macedonia,2105,69,2021-02-01
North Macedonia,2254,65,2021-02-08
North Macedonia,2233,74,2021-02-15
Norway,0,0,2020-01-06
Norway,0,0,2020-01-13
Norway,0,0,2020-01-20
Norway,0,0,2020-01-27
Norway,0,0,2020-02-03
Norway,0,0,2020-02-10
Norway,0,0,2020-02-17
Norway,0,0,2020-02-24
Norway,19,0,2020-03-02
Norway,150,0,2020-03-09
Norway,908,1,2020-03-16
Norway,1055,6,2020-03-23
Norway,1970,15,2020-03-30
Norway,1538,36,2020-04-06
Norway,775,45,2020-04-13
Norway,653,51,2020-04-20
Norway,437,39,2020-04-27
Norway,304,15,2020-05-04
Norway,290,9,2020-05-11
Norway,98,15,2020-05-18
Norway,112,3,2020-05-25
Norway,102,1,2020-06-01
Norway,93,2,2020-06-08
Norway,102,4,2020-06-15
Norway,102,2,2020-06-22
Norway,107,5,2020-06-29
Norway,80,2,2020-07-06
Norway,70,1,2020-07-13
Norway,50,3,2020-07-20
Norway,70,0,2020-07-27
Norway,123,0,2020-08-03
Norway,260,1,2020-08-10
Norway,382,5,2020-08-17
Norway,347,3,2020-08-24
Norway,346,0,2020-08-31
Norway,577,0,2020-09-07
Norway,746,1,2020-09-14
Norway,779,2,2020-09-21
Norway,761,3,2020-09-28
Norway,743,5,2020-10-05
Norway,1072,0,2020-10-12
Norway,915,3,2020-10-19
Norway,1096,1,2020-10-26
Norway,2331,3,2020-11-02
Norway,3662,3,2020-11-09
Norway,4001,9,2020-11-16
Norway,4212,12,2020-11-23
Norway,3309,22,2020-11-30
Norway,2624,26,2020-12-07
Norway,3632,39,2020-12-14
Norway,1772,11,2020-12-21
Norway,4282,25,2020-12-28
Norway,4758,29,2021-01-04
Norway,3178,43,2021-01-11
Norway,2431,27,2021-01-18
Norway,1884,19,2021-01-25
Norway,1806,15,2021-02-01
Norway,1729,11,2021-02-08
Norway,2030,15,2021-02-15
Poland,11,0,2020-03-09
Poland,114,3,2020-03-16
Poland,509,4,2020-03-23
Poland,1228,15,2020-03-30
Poland,2240,72,2020-04-06
Poland,2572,138,2020-04-13
Poland,2613,128,2020-04-20
Poland,2330,175,2020-04-27
Poland,2076,143,2020-05-04
Poland,2303,122,2020-05-11
Poland,2533,125,2020-05-18
Poland,2797,71,2020-05-25
Poland,2460,68,2020-06-01
Poland,2775,93,2020-06-08
Poland,2831,90,2020-06-15
Poland,2539,109,2020-06-22
Poland,1976,82,2020-06-29
Poland,2043,79,2020-07-06
Poland,1941,54,2020-07-13
Poland,2213,53,2020-07-20
Poland,2961,47,2020-07-27
Poland,3829,60,2020-08-03
Poland,4897,76,2020-08-10
Poland,4893,70,2020-08-17
Poland,5078,78,2020-08-24
Poland,5108,78,2020-08-31
Poland,3954,87,2020-09-07
Poland,3328,68,2020-09-14
Poland,5088,105,2020-09-21
Poland,8090,139,2020-09-28
Poland,10810,172,2020-10-05
Poland,27676,400,2020-10-12
Poland,49950,569,2020-10-19
Poland,77922,865,2020-10-26
Poland,126214,1345,2020-11-02
Poland,166523,2089,2020-11-09
Poland,166547,2476,2020-11-16
Poland,148359,3270,2020-11-23
Poland,123744,3411,2020-11-30
Poland,78374,3060,2020-12-07
Poland,72227,2775,2020-12-14
Poland,67024,2533,2020-12-21
Poland,58310,1750,2020-12-28
Poland,67438,2103,2021-01-04
Poland,48529,2143,2021-01-11
Poland,39205,1994,2021-01-18
Poland,35266,1779,2021-01-25
Poland,39301,1952,2021-02-01
Poland,38811,1700,2021-02-08
Poland,47270,1339,2021-02-15
Portugal,30,0,2020-03-09
Portugal,215,0,2020-03-16
Portugal,1355,14,2020-03-23
Portugal,4362,105,2020-03-30
Portugal,5316,176,2020-04-06
Portugal,5307,209,2020-04-13
Portugal,3621,210,2020-04-20
Portugal,3640,214,2020-04-27
Portugal,1678,135,2020-05-04
Portugal,2057,72,2020-05-11
Portugal,1455,83,2020-05-18
Portugal,1587,98,2020-05-25
Portugal,1877,94,2020-06-01
Portugal,1993,69,2020-06-08
Portugal,2197,38,2020-06-15
Portugal,2443,13,2020-06-22
Portugal,2513,34,2020-06-29
Portugal,2251,50,2020-07-06
Portugal,2615,46,2020-07-13
Portugal,2124,29,2020-07-20
Portugal,1528,28,2020-07-27
Portugal,1299,21,2020-08-03
Portugal,1205,18,2020-08-10
Portugal,1434,22,2020-08-17
Portugal,1495,18,2020-08-24
Portugal,2171,23,2020-08-31
Portugal,2490,21,2020-09-07
Portugal,3725,27,2020-09-14
Portugal,4594,45,2020-09-21
Portugal,5027,41,2020-09-28
Portugal,4643,42,2020-10-05
Portugal,8417,85,2020-10-12
Portugal,13247,101,2020-10-19
Portugal,18775,135,2020-10-26
Portugal,25655,228,2020-11-02
Portugal,34983,352,2020-11-09
Portugal,37977,485,2020-11-16
Portugal,43457,516,2020-11-23
Portugal,34041,530,2020-11-30
Portugal,27675,536,2020-12-07
Portugal,26270,596,2020-12-14
Portugal,25377,575,2020-12-21
Portugal,22545,543,2020-12-28
Portugal,57670,729,2021-01-04
Portugal,67210,1103,2021-01-11
Portugal,86610,1693,2021-01-18
Portugal,83208,2036,2021-01-25
Portugal,41598,1597,2021-02-01
Portugal,19140,1057,2021-02-08
Portugal,10466,551,2021-02-15
Romania,0,0,2020-01-06
Romania,0,0,2020-01-13
Romania,0,0,2020-01-20
Romania,0,0,2020-01-27
Romania,0,0,2020-02-03
Romania,0,0,2020-02-10
Romania,0,0,2020-02-17
Romania,0,0,2020-02-24
Romania,3,0,2020-03-02
Romania,12,0,2020-03-09
Romania,124,0,2020-03-16
Romania,294,2,2020-03-23
Romania,1327,38,2020-03-30
Romania,2104,108,2020-04-06
Romania,2436,158,2020-04-13
Romania,2446,128,2020-04-20
Romania,2290,174,2020-04-27
Romania,2127,172,2020-05-04
Romania,2199,172,2020-05-11
Romania,1509,145,2020-05-18
Romania,1199,82,2020-05-25
Romania,1187,83,2020-06-01
Romania,1222,64,2020-06-08
Romania,1520,84,2020-06-15
Romania,2046,102,2020-06-22
Romania,2268,100,2020-06-29
Romania,2660,138,2020-07-06
Romania,3562,134,2020-07-13
Romania,4923,142,2020-07-20
Romania,7340,161,2020-07-27
Romania,8388,226,2020-08-03
Romania,8582,287,2020-08-10
Romania,8693,291,2020-08-17
Romania,8064,281,2020-08-24
Romania,8260,306,2020-08-31
Romania,8229,315,2020-09-07
Romania,8481,270,2020-09-14
Romania,9286,272,2020-09-21
Romania,9892,283,2020-09-28
Romania,11392,229,2020-10-05
Romania,21218,464,2020-10-12
Romania,25105,461,2020-10-19
Romania,29260,519,2020-10-26
Romania,37015,676,2020-11-02
Romania,57088,812,2020-11-09
Romania,56530,1047,2020-11-16
Romania,58364,1121,2020-11-23
Romania,52891,1146,2020-11-30
Romania,42040,1127,2020-12-07
Romania,42759,1065,2020-12-14
Romania,34959,1009,2020-12-21
Romania,27135,940,2020-12-28
Romania,32842,746,2021-01-04
Romania,21882,546,2021-01-11
Romania,17408,570,2021-01-18
Romania,17495,561,2021-01-25
Romania,16581,559,2021-02-01
Romania,16657,484,2021-02-08
Romania,16401,402,2021-02-15
Russia,0,0,2020-01-06
Russia,0,0,2020-01-13
Russia,0,0,2020-01-20
Russia,0,0,2020-01-27
Russia,2,0,2020-02-03
Russia,0,0,2020-02-10
Russia,0,0,2020-02-17
Russia,0,0,2020-02-24
Russia,0,0,2020-03-02
Russia,8,0,2020-03-09
Russia,53,0,2020-03-16
Russia,304,0,2020-03-23
Russia,1167,8,2020-03-30
Russia,3855,37,2020-04-06
Russia,10381,85,2020-04-13
Russia,27083,231,2020-04-20
Russia,38096,386,2020-04-27
Russia,53738,533,2020-05-04
Russia,75001,635,2020-05-11
Russia,72064,716,2020-05-18
Russia,62729,910,2020-05-25
Russia,61362,1152,2020-06-01
Russia,61830,1166,2020-06-08
Russia,61291,1089,2020-06-15
Russia,55716,1163,2020-06-22
Russia,49757,962,2020-06-29
Russia,46814,1088,2020-07-06
Russia,45911,1174,2020-07-13
Russia,44384,1007,2020-07-20
Russia,40939,927,2020-07-27
Russia,38385,859,2020-08-03
Russia,36666,803,2020-08-10
Russia,35317,754,2020-08-17
Russia,33896,698,2020-08-24
Russia,33577,710,2020-08-31
Russia,35179,727,2020-09-07
Russia,37306,758,2020-09-14
Russia,40588,840,2020-09-21
Russia,48039,906,2020-09-28
Russia,63563,1034,2020-10-05
Russia,83717,1239,2020-10-12
Russia,100616,1590,2020-10-19
Russia,114543,1863,2020-10-26
Russia,122904,2185,2020-11-02
Russia,137553,2302,2020-11-09
Russia,151491,2649,2020-11-16
Russia,163504,2993,2020-11-23
Russia,179987,3348,2020-11-30
Russia,191454,3614,2020-12-07
Russia,193158,3800,2020-12-14
Russia,108740,2210,2020-12-21
Russia,315367,6114,2020-12-28
Russia,165131,3285,2021-01-04
Russia,165797,3764,2021-01-11
Russia,147624,3881,2021-01-18
Russia,129397,3701,2021-01-25
Russia,115110,3449,2021-02-01
Russia,102893,3452,2021-02-08
Russia,91240,3110,2021-02-15
San Marino,0,0,2020-01-06
San Marino,0,0,2020-01-13
San Marino,0,0,2020-01-20
San Marino,0,0,2020-01-27
San Marino,0,0,2020-02-03
San Marino,0,0,2020-02-10
San Marino,0,0,2020-02-17
San Marino,0,0,2020-02-24
San Marino,8,1,2020-03-02
San Marino,29,0,2020-03-09
San Marino,61,6,2020-03-16
San Marino,53,13,2020-03-23
San Marino,78,4,2020-03-30
San Marino,37,8,2020-04-06
San Marino,90,3,2020-04-13
San Marino,105,4,2020-04-20
San Marino,77,2,2020-04-27
San Marino,44,0,2020-05-04
San Marino,46,0,2020-05-11
San Marino,26,0,2020-05-18
San Marino,11,1,2020-05-25
San Marino,6,0,2020-06-01
San Marino,16,0,2020-06-08
San Marino,7,0,2020-06-15
San Marino,2,0,2020-06-22
San Marino,2,0,2020-06-29
San Marino,0,0,2020-07-06
San Marino,1,0,2020-07-13
San Marino,0,0,2020-07-20
San Marino,0,0,2020-07-27
San Marino,0,0,2020-08-03
San Marino,11,0,2020-08-10
San Marino,0,0,2020-08-17
San Marino,0,0,2020-08-24
San Marino,0,0,2020-08-31
San Marino,6,0,2020-09-07
San Marino,6,0,2020-09-14
San Marino,1,0,2020-09-21
San Marino,4,0,2020-09-28
San Marino,5,0,2020-10-05
San Marino,20,0,2020-10-12
San Marino,7,0,2020-10-19
San Marino,60,0,2020-10-26
San Marino,109,0,2020-11-02
San Marino,115,0,2020-11-09
San Marino,210,0,2020-11-16
San Marino,142,1,2020-11-23
San Marino,191,2,2020-11-30
San Marino,203,3,2020-12-07
San Marino,158,3,2020-12-14
San Marino,160,4,2020-12-21
San Marino,168,2,2020-12-28
San Marino,174,2,2021-01-04
San Marino,120,1,2021-01-11
San Marino,87,0,2021-01-18
San Marino,151,2,2021-01-25
San Marino,112,2,2021-02-01
San Marino,180,3,2021-02-08
San Marino,155,0,2021-02-15
Serbia,55,0,2020-03-16
Serbia,133,1,2020-03-23
Serbia,553,12,2020-03-30
Serbia,1167,38,2020-04-06
Serbia,1722,29,2020-04-13
Serbia,2688,42,2020-04-20
Serbia,1724,34,2020-04-27
Serbia,1422,37,2020-05-04
Serbia,650,22,2020-05-11
Serbia,496,15,2020-05-18
Serbia,549,8,2020-05-25
Serbia,253,5,2020-06-01
Serbia,411,6,2020-06-08
Serbia,487,5,2020-06-15
Serbia,584,7,2020-06-22
Serbia,1152,9,2020-06-29
Serbia,2085,41,2020-07-06
Serbia,2229,82,2020-07-13
Serbia,2534,79,2020-07-20
Serbia,2836,62,2020-07-27
Serbia,2463,56,2020-08-03
Serbia,1906,51,2020-08-10
Serbia,1583,33,2020-08-17
Serbia,975,24,2020-08-24
Serbia,708,13,2020-08-31
Serbia,540,13,2020-09-07
Serbia,503,9,2020-09-14
Serbia,500,8,2020-09-21
Serbia,476,6,2020-09-28
Serbia,517,7,2020-10-05
Serbia,886,9,2020-10-12
Serbia,1373,13,2020-10-19
Serbia,3326,16,2020-10-26
Serbia,8917,34,2020-11-02
Serbia,14344,64,2020-11-09
Serbia,21821,119,2020-11-16
Serbia,36552,190,2020-11-23
Serbia,48094,350,2020-11-30
Serbia,50438,400,2020-12-07
Serbia,46780,382,2020-12-14
Serbia,37315,402,2020-12-21
Serbia,24872,340,2020-12-28
Serbia,15819,257,2021-01-04
Serbia,12844,168,2021-01-11
Serbia,11070,136,2021-01-18
Serbia,11660,134,2021-01-25
Serbia,12618,106,2021-02-01
Serbia,12998,104,2021-02-08
Serbia,15761,107,2021-02-15
Slovakia,5,0,2020-03-09
Slovakia,56,0,2020-03-16
Slovakia,124,0,2020-03-23
Slovakia,151,0,2020-03-30
Slovakia,149,0,2020-04-06
Slovakia,257,2,2020-04-13
Slovakia,419,10,2020-04-20
Slovakia,218,6,2020-04-27
Slovakia,29,6,2020-05-04
Slovakia,49,2,2020-05-11
Slovakia,37,2,2020-05-18
Slovakia,15,0,2020-05-25
Slovakia,13,0,2020-06-01
Slovakia,6,0,2020-06-08
Slovakia,20,0,2020-06-15
Slovakia,39,0,2020-06-22
Slovakia,77,0,2020-06-29
Slovakia,100,0,2020-07-06
Slovakia,137,0,2020-07-13
Slovakia,78,0,2020-07-20
Slovakia,200,0,2020-07-27
Slovakia,165,1,2020-08-03
Slovakia,252,2,2020-08-10
Slovakia,306,0,2020-08-17
Slovakia,454,2,2020-08-24
Slovakia,520,0,2020-08-31
Slovakia,738,4,2020-09-07
Slovakia,918,1,2020-09-14
Slovakia,1145,1,2020-09-21
Slovakia,2401,5,2020-09-28
Slovakia,4061,11,2020-10-05
Slovakia,6712,6,2020-10-12
Slovakia,9984,27,2020-10-19
Slovakia,14008,71,2020-10-26
Slovakia,16103,60,2020-11-02
Slovakia,15549,132,2020-11-09
Slovakia,11272,159,2020-11-16
Slovakia,9474,161,2020-11-23
Slovakia,9492,145,2020-11-30
Slovakia,10998,180,2020-12-07
Slovakia,16253,179,2020-12-14
Slovakia,18352,380,2020-12-21
Slovakia,16756,324,2020-12-28
Slovakia,20970,486,2021-01-04
Slovakia,15316,519,2021-01-11
Slovakia,12642,542,2021-01-18
Slovakia,12886,574,2021-01-25
Slovakia,14170,629,2021-02-01
Slovakia,14171,681,2021-02-08
Slovakia,14538,625,2021-02-15
Slovenia,16,0,2020-03-09
Slovenia,203,0,2020-03-16
Slovenia,195,1,2020-03-23
Slovenia,316,10,2020-03-30
Slovenia,267,17,2020-04-06
Slovenia,208,25,2020-04-13
Slovenia,125,21,2020-04-20
Slovenia,77,8,2020-04-27
Slovenia,32,14,2020-05-04
Slovenia,21,6,2020-05-11
Slovenia,6,2,2020-05-18
Slovenia,3,2,2020-05-25
Slovenia,4,2,2020-06-01
Slovenia,12,0,2020-06-08
Slovenia,10,1,2020-06-15
Slovenia,25,0,2020-06-22
Slovenia,61,2,2020-06-29
Slovenia,119,0,2020-07-06
Slovenia,141,0,2020-07-13
Slovenia,105,0,2020-07-20
Slovenia,136,4,2020-07-27
Slovenia,98,2,2020-08-03
Slovenia,69,3,2020-08-10
Slovenia,167,4,2020-08-17
Slovenia,235,3,2020-08-24
Slovenia,214,1,2020-08-31
Slovenia,309,2,2020-09-07
Slovenia,528,1,2020-09-14
Slovenia,718,2,2020-09-21
Slovenia,930,3,2020-09-28
Slovenia,1148,4,2020-10-05
Slovenia,2167,2,2020-10-12
Slovenia,4479,19,2020-10-19
Slovenia,9806,22,2020-10-26
Slovenia,12699,53,2020-11-02
Slovenia,9512,146,2020-11-09
Slovenia,9881,129,2020-11-16
Slovenia,10266,152,2020-11-23
Slovenia,10073,264,2020-11-30
Slovenia,10424,331,2020-12-07
Slovenia,10509,954,2020-12-14
Slovenia,9585,156,2020-12-21
Slovenia,9428,216,2020-12-28
Slovenia,13855,256,2021-01-04
Slovenia,9721,224,2021-01-11
Slovenia,8705,210,2021-01-18
Slovenia,8334,171,2021-01-25
Slovenia,7527,139,2021-02-01
Slovenia,5482,86,2021-02-08
Slovenia,5285,80,2021-02-15
Spain,0,0,2020-01-06
Spain,0,0,2020-01-13
Spain,0,0,2020-01-20
Spain,0,0,2020-01-27
Spain,1,0,2020-02-03
Spain,1,0,2020-02-10
Spain,0,0,2020-02-17
Spain,0,0,2020-02-24
Spain,134,0,2020-03-02
Spain,1391,5,2020-03-09
Spain,9964,283,2020-03-16
Spain,29771,1432,2020-03-23
Spain,54860,4808,2020-03-30
Spain,46276,5890,2020-04-06
Spain,32553,4554,2020-04-13
Spain,20519,3880,2020-04-20
Spain,16100,2338,2020-04-27
Spain,7635,2238,2020-05-04
Spain,8565,1316,2020-05-11
Spain,3836,965,2020-05-18
Spain,3794,-875,2020-05-25
Spain,4238,293,2020-06-01
Spain,2079,9,2020-06-08
Spain,2392,0,2020-06-15
Spain,2395,1188,2020-06-22
Spain,2466,22,2020-06-29
Spain,2819,42,2020-07-06
Spain,4164,18,2020-07-13
Spain,8883,16,2020-07-20
Spain,13946,12,2020-07-27
Spain,18272,38,2020-08-03
Spain,25926,104,2020-08-10
Spain,36102,70,2020-08-17
Spain,46354,226,2020-08-24
Spain,57422,222,2020-08-31
Spain,62691,422,2020-09-07
Spain,68181,332,2020-09-14
Spain,77738,815,2020-09-21
Spain,76798,748,2020-09-28
Spain,65146,814,2020-10-05
Spain,75556,899,2020-10-12
Spain,85481,868,2020-10-19
Spain,123871,1039,2020-10-26
Spain,142377,1226,2020-11-02
Spain,140521,3088,2020-11-09
Spain,115646,1908,2020-11-16
Spain,85752,1878,2020-11-23
Spain,65571,1938,2020-11-30
Spain,54141,1577,2020-12-07
Spain,49556,1367,2020-12-14
Spain,67365,1247,2020-12-21
Spain,60164,862,2020-12-28
Spain,152938,1197,2021-01-04
Spain,224669,1494,2021-01-11
Spain,256931,2439,2021-01-18
Spain,229423,2873,2021-01-25
Spain,166280,3214,2021-02-01
Spain,97201,3154,2021-02-08
Spain,67685,2187,2021-02-15
Sweden,0,0,2020-01-06
Sweden,0,0,2020-01-13
Sweden,0,0,2020-01-20
Sweden,0,0,2020-01-27
Sweden,0,0,2020-02-03
Sweden,1,0,2020-02-10
Sweden,0,0,2020-02-17
Sweden,0,0,2020-02-24
Sweden,13,0,2020-03-02
Sweden,211,0,2020-03-09
Sweden,839,6,2020-03-16
Sweden,924,44,2020-03-23
Sweden,1957,190,2020-03-30
Sweden,3229,451,2020-04-06
Sweden,3740,664,2020-04-13
Sweden,3751,657,2020-04-20
Sweden,4202,546,2020-04-27
Sweden,3832,543,2020-05-04
Sweden,4153,510,2020-05-11
Sweden,3869,380,2020-05-18
Sweden,3659,360,2020-05-25
Sweden,4281,272,2020-06-01
Sweden,6021,245,2020-06-08
Sweden,7123,234,2020-06-15
Sweden,7073,200,2020-06-22
Sweden,7459,138,2020-06-29
Sweden,4275,98,2020-07-06
Sweden,2179,84,2020-07-13
Sweden,1622,57,2020-07-20
Sweden,1316,30,2020-07-27
Sweden,1556,18,2020-08-03
Sweden,2014,18,2020-08-10
Sweden,2052,16,2020-08-17
Sweden,1687,19,2020-08-24
Sweden,1200,10,2020-08-31
Sweden,1332,12,2020-09-07
Sweden,1592,13,2020-09-14
Sweden,2080,12,2020-09-21
Sweden,2919,11,2020-09-28
Sweden,3642,17,2020-10-05
Sweden,4278,22,2020-10-12
Sweden,5620,16,2020-10-19
Sweden,9155,43,2020-10-26
Sweden,18474,82,2020-11-02
Sweden,25405,157,2020-11-09
Sweden,31319,235,2020-11-16
Sweden,31944,332,2020-11-23
Sweden,35560,417,2020-11-30
Sweden,36839,476,2020-12-07
Sweden,43631,500,2020-12-14
Sweden,46178,645,2020-12-21
Sweden,37134,643,2020-12-28
Sweden,39464,644,2021-01-04
Sweden,28955,592,2021-01-11
Sweden,23247,514,2021-01-18
Sweden,20673,385,2021-01-25
Sweden,19618,257,2021-02-01
Sweden,21306,160,2021-02-08
Sweden,23638,35,2021-02-15
Switzerland,0,0,2020-01-06
Switzerland,0,0,2020-01-13
Switzerland,0,0,2020-01-20
Switzerland,0,0,2020-01-27
Switzerland,0,0,2020-02-03
Switzerland,0,0,2020-02-10
Switzerland,0,0,2020-02-17
Switzerland,0,0,2020-02-24
Switzerland,24,0,2020-03-02
Switzerland,308,2,2020-03-09
Switzerland,1868,11,2020-03-16
Switzerland,4771,47,2020-03-23
Switzerland,7303,197,2020-03-30
Switzerland,6748,302,2020-04-06
Switzerland,4198,299,2020-04-13
Switzerland,2438,276,2020-04-20
Switzerland,1320,202,2020-04-27
Switzerland,844,136,2020-05-04
Switzerland,400,65,2020-05-11
Switzerland,282,65,2020-05-18
Switzerland,149,39,2020-05-25
Switzerland,126,15,2020-06-01
Switzerland,103,4,2020-06-08
Switzerland,152,16,2020-06-15
Switzerland,175,3,2020-06-22
Switzerland,325,2,2020-06-29
Switzerland,650,4,2020-07-06
Switzerland,614,0,2020-07-13
Switzerland,706,2,2020-07-20
Switzerland,821,13,2020-07-27
Switzerland,1136,5,2020-08-03
Switzerland,1053,6,2020-08-10
Switzerland,1517,4,2020-08-17
Switzerland,1771,4,2020-08-24
Switzerland,2104,5,2020-08-31
Switzerland,2387,8,2020-09-07
Switzerland,2775,14,2020-09-14
Switzerland,2103,18,2020-09-21
Switzerland,2693,14,2020-09-28
Switzerland,2399,5,2020-10-05
Switzerland,5967,10,2020-10-12
Switzerland,14192,30,2020-10-19
Switzerland,28901,53,2020-10-26
Switzerland,50405,159,2020-11-02
Switzerland,57432,369,2020-11-09
Switzerland,45026,552,2020-11-16
Switzerland,33297,611,2020-11-23
Switzerland,27534,669,2020-11-30
Switzerland,26084,596,2020-12-07
Switzerland,29228,546,2020-12-14
Switzerland,39833,802,2020-12-21
Switzerland,24084,563,2020-12-28
Switzerland,22434,417,2021-01-04
Switzerland,15378,392,2021-01-11
Switzerland,13605,337,2021-01-18
Switzerland,11451,295,2021-01-25
Switzerland,10027,193,2021-02-01
Switzerland,8038,148,2021-02-08
Switzerland,7007,154,2021-02-15
the Holy See/ Vatican City State,1,0,2020-03-16
the Holy See/ Vatican City State,0,0,2020-03-23
the Holy See/ Vatican City State,5,0,2020-03-30
the Holy See/ Vatican City State,1,0,2020-04-06
the Holy See/ Vatican City State,1,0,2020-04-13
the Holy See/ Vatican City State,0,0,2020-04-20
the Holy See/ Vatican City State,1,0,2020-04-27
the Holy See/ Vatican City State,2,0,2020-05-04
the Holy See/ Vatican City State,1,0,2020-05-11
the Holy See/ Vatican City State,0,0,2020-05-18
the Holy See/ Vatican City State,0,0,2020-05-25
the Holy See/ Vatican City State,0,0,2020-06-01
the Holy See/ Vatican City State,0,0,2020-06-08
the Holy See/ Vatican City State,0,0,2020-06-15
the Holy See/ Vatican City State,0,0,2020-06-22
the Holy See/ Vatican City State,0,0,2020-06-29
the Holy See/ Vatican City State,0,0,2020-07-06
the Holy See/ Vatican City State,0,0,2020-07-13
the Holy See/ Vatican City State,0,0,2020-07-20
the Holy See/ Vatican City State,0,0,2020-07-27
the Holy See/ Vatican City State,0,0,2020-08-03
the Holy See/ Vatican City State,0,0,2020-08-10
the Holy See/ Vatican City State,0,0,2020-08-17
the Holy See/ Vatican City State,0,0,2020-08-24
the Holy See/ Vatican City State,0,0,2020-08-31
the Holy See/ Vatican City State,0,0,2020-09-07
the Holy See/ Vatican City State,0,0,2020-09-14
the Holy See/ Vatican City State,0,0,2020-09-21
the Holy See/ Vatican City State,0,0,2020-09-28
the Holy See/ Vatican City State,0,0,2020-10-05
the Holy See/ Vatican City State,0,0,2020-10-12
the Holy See/ Vatican City State,14,0,2020-10-19
the Holy See/ Vatican City State,0,0,2020-10-26
the Holy See/ Vatican City State,0,0,2020-11-02
the Holy See/ Vatican City State,0,0,2020-11-09
the Holy See/ Vatican City State,0,0,2020-11-16
the Holy See/ Vatican City State,0,0,2020-11-23
the Holy See/ Vatican City State,0,0,2020-11-30
the Holy See/ Vatican City State,0,0,2020-12-07
the Holy See/ Vatican City State,0,0,2020-12-14
the Holy See/ Vatican City State,0,0,2020-12-21
the Holy See/ Vatican City State,0,0,2020-12-28
the Holy See/ Vatican City State,0,0,2021-01-04
the Holy See/ Vatican City State,0,0,2021-01-11
the Holy See/ Vatican City State,0,0,2021-01-18
the Holy See/ Vatican City State,0,0,2021-01-25
the Holy See/ Vatican City State,0,0,2021-02-01
the Holy See/ Vatican City State,0,0,2021-02-08
the Holy See/ Vatican City State,0,0,2021-02-15
Turkey,18,0,2020-03-16
Turkey,1218,30,2020-03-23
Turkey,8035,101,2020-03-30
Turkey,17798,443,2020-04-06
Turkey,29887,624,2020-04-13
Turkey,29350,819,2020-04-20
Turkey,23824,788,2020-04-27
Turkey,15915,592,2020-05-04
Turkey,12612,389,2020-05-11
Turkey,10778,354,2020-05-18
Turkey,7392,200,2020-05-25
Turkey,7115,200,2020-06-01
Turkey,6190,152,2020-06-08
Turkey,8107,115,2020-06-15
Turkey,9446,143,2020-06-22
Turkey,9554,147,2020-06-29
Turkey,8519,128,2020-07-06
Turkey,7235,138,2020-07-13
Turkey,6648,128,2020-07-20
Turkey,6459,122,2020-07-27
Turkey,47136,115,2020-08-03
Turkey,55058,116,2020-08-10
Turkey,55615,130,2020-08-17
Turkey,56050,147,2020-08-24
Turkey,57407,205,2020-08-31
Turkey,58370,347,2020-09-07
Turkey,58466,383,2020-09-14
Turkey,58815,450,2020-09-21
Turkey,58676,491,2020-09-28
Turkey,57120,444,2020-10-05
Turkey,58200,396,2020-10-12
Turkey,59070,459,2020-10-19
Turkey,61418,503,2020-10-26
Turkey,62782,527,2020-11-02
Turkey,63892,561,2020-11-09
Turkey,67133,620,2020-11-16
Turkey,79659,851,2020-11-23
Turkey,159462,1200,2020-11-30
Turkey,220667,1342,2020-12-07
Turkey,215632,1517,2020-12-14
Turkey,187873,1680,2020-12-21
Turkey,122977,1781,2020-12-28
Turkey,84344,1319,2021-01-04
Turkey,60845,1190,2021-01-11
Turkey,42504,1076,2021-01-18
Turkey,47858,920,2021-01-25
Turkey,53993,804,2021-02-01
Turkey,54727,674,2021-02-08
Turkey,52239,589,2021-02-15
Ukraine,3,0,2020-03-16
Ukraine,44,3,2020-03-23
Ukraine,371,6,2020-03-30
Ukraine,890,28,2020-04-06
Ukraine,1469,46,2020-04-13
Ukraine,2672,58,2020-04-20
Ukraine,3168,68,2020-04-27
Ukraine,3296,79,2020-05-04
Ukraine,3319,103,2020-05-11
Ukraine,3059,123,2020-05-18
Ukraine,2695,103,2020-05-25
Ukraine,2686,91,2020-06-01
Ukraine,3327,80,2020-06-08
Ukraine,4155,101,2020-06-15
Ukraine,5406,113,2020-06-22
Ukraine,6422,127,2020-06-29
Ukraine,5518,120,2020-07-06
Ukraine,5021,134,2020-07-13
Ukraine,5321,102,2020-07-20
Ukraine,6007,120,2020-07-27
Ukraine,7319,120,2020-08-03
Ukraine,9789,197,2020-08-10
Ukraine,10863,167,2020-08-17
Ukraine,12138,182,2020-08-24
Ukraine,14116,256,2020-08-31
Ukraine,16820,284,2020-09-07
Ukraine,18441,367,2020-09-14
Ukraine,21343,379,2020-09-21
Ukraine,22956,402,2020-09-28
Ukraine,27828,438,2020-10-05
Ukraine,34572,575,2020-10-12
Ukraine,42604,701,2020-10-19
Ukraine,39851,718,2020-10-26
Ukraine,51951,915,2020-11-02
Ukraine,64891,1144,2020-11-09
Ukraine,75526,1153,2020-11-16
Ukraine,76808,1210,2020-11-23
Ukraine,110014,1400,2020-11-30
Ukraine,90627,1375,2020-12-07
Ukraine,87360,1659,2020-12-14
Ukraine,70327,1418,2020-12-21
Ukraine,59381,1184,2020-12-28
Ukraine,45221,981,2021-01-04
Ukraine,44402,1034,2021-01-11
Ukraine,30612,1055,2021-01-18
Ukraine,29551,1010,2021-01-25
Ukraine,23111,710,2021-02-01
Ukraine,21059,641,2021-02-08
Ukraine,39613,871,2021-02-15
United Kingdom,0,0,2020-01-06
United Kingdom,0,0,2020-01-13
United Kingdom,0,0,2020-01-20
United Kingdom,0,0,2020-01-27
United Kingdom,2,0,2020-02-03
United Kingdom,6,0,2020-02-10
United Kingdom,2,0,2020-02-17
United Kingdom,1,0,2020-02-24
United Kingdom,36,0,2020-03-02
United Kingdom,365,2,2020-03-09
United Kingdom,2193,41,2020-03-16
United Kingdom,6329,245,2020-03-23
United Kingdom,17889,1388,2020-03-30
United Kingdom,30357,4197,2020-04-06
United Kingdom,32205,6440,2020-04-13
United Kingdom,32027,6166,2020-04-20
United Kingdom,32830,5512,2020-04-27
United Kingdom,31282,4227,2020-05-04
United Kingdom,22867,3174,2020-05-11
United Kingdom,19857,2428,2020-05-18
United Kingdom,16360,2137,2020-05-25
United Kingdom,10907,1488,2020-06-01
United Kingdom,8524,1174,2020-06-08
United Kingdom,7136,747,2020-06-15
United Kingdom,6680,512,2020-06-22
United Kingdom,5240,442,2020-06-29
United Kingdom,4026,312,2020-07-06
United Kingdom,4271,213,2020-07-13
United Kingdom,4310,150,2020-07-20
United Kingdom,4549,116,2020-07-27
United Kingdom,4444,96,2020-08-03
United Kingdom,6130,71,2020-08-10
United Kingdom,7659,88,2020-08-17
United Kingdom,7158,63,2020-08-24
United Kingdom,8825,70,2020-08-31
United Kingdom,12685,52,2020-09-07
United Kingdom,21352,77,2020-09-14
United Kingdom,25753,149,2020-09-21
United Kingdom,40712,211,2020-09-28
United Kingdom,68009,362,2020-10-05
United Kingdom,100738,475,2020-10-12
United Kingdom,118693,821,2020-10-19
United Kingdom,151391,1250,2020-10-26
United Kingdom,161114,1821,2020-11-02
United Kingdom,157099,2327,2020-11-09
United Kingdom,177305,2890,2020-11-16
United Kingdom,142727,2817,2020-11-23
United Kingdom,105282,3494,2020-11-30
United Kingdom,105915,3000,2020-12-07
United Kingdom,126161,2925,2020-12-14
United Kingdom,190744,3231,2020-12-21
United Kingdom,289583,3708,2020-12-28
United Kingdom,417570,6407,2021-01-04
United Kingdom,323610,7830,2021-01-11
United Kingdom,251504,8678,2021-01-18
United Kingdom,169713,8219,2021-01-25
United Kingdom,142608,6640,2021-02-01
United Kingdom,78294,4368,2021-02-08
United Kingdom,77431,3414,2021-02-15
